exchange,symbol,ticker,mic,currency,type,name
B3,ABCB4,ABCB4,BVMF,BRL,Stocks,Banco ABC Brasil S.A.
B3,ABEV3,ABEV3,BVMF,BRL,Stocks,Ambev S.A.
B3,AGRO3,AGRO3,BVMF,BRL,Stocks,BrasilAgro - Companhia Brasileira de Propriedades Agrícolas
B3,ALOS3,ALOS3,BVMF,BRL,Stocks,Allos S.A.
B3,ALPA4,ALPA4,BVMF,BRL,Stocks,Alpargatas S.A.
B3,AURE3,AURE3,BVMF,BRL,Stocks,Auren Energia S.A.
B3,AXIA3,AXIA3,BVMF,BRL,Stocks,AXIA Energia
B3,B3SA3,B3SA3,BVMF,BRL,Stocks,"B3 S.A. - Brasil, Bolsa, Balcão"
B3,BBAS3,BBAS3,BVMF,BRL,Stocks,Banco do Brasil S.A.
B3,BBDC4,BBDC4,BVMF,BRL,Stocks,Banco Bradesco S.A.
B3,BBSE3,BBSE3,BVMF,BRL,Stocks,BB Seguridade Participações S.A.
B3,BEEF3,BEEF3,BVMF,BRL,Stocks,Minerva S.A.
B3,BOVA11,BOVA11,BVMF,BRL,Etfs,iShares Ibovespa Index Fund
B3,BPAC11,BPAC11,BVMF,BRL,Stocks,Banco BTG Pactual S.A.
B3,BRAP4,BRAP4,BVMF,BRL,Stocks,Bradespar S.A.
B3,BRAV3,BRAV3,BVMF,BRL,Stocks,Brava Energia
B3,BRKM5,BRKM5,BVMF,BRL,Stocks,Braskem S.A.
B3,CMIG4,CMIG4,BVMF,BRL,Stocks,Companhia Energética de Minas Gerais S.A.
B3,CMIN3,CMIN3,BVMF,BRL,Stocks,CSN Mineração S.A.
B3,COGN3,COGN3,BVMF,BRL,Stocks,Cogna Educação S.A.
B3,CPFE3,CPFE3,BVMF,BRL,Stocks,CPFL Energia S.A.
B3,CSAN3,CSAN3,BVMF,BRL,Stocks,Cosan S.A.
B3,CSMG3,CSMG3,BVMF,BRL,Stocks,Companhia de Saneamento de Minas Gerais
B3,CSNA3,CSNA3,BVMF,BRL,Stocks,Companhia Siderurgica Nacional S.A.
B3,CXSE3,CXSE3,BVMF,BRL,Stocks,Caixa Seguridade Participações S.A.
B3,DXCO3,DXCO3,BVMF,BRL,Stocks,Dexco S.A.
B3,EGIE3,EGIE3,BVMF,BRL,Stocks,Engie Brasil Energia S.A.
B3,EMBJ3,EMBJ3,BVMF,BRL,Stocks,Embraer S.A.
B3,ENEV3,ENEV3,BVMF,BRL,Stocks,Eneva S.A.
B3,ENGI11,ENGI11,BVMF,BRL,Stocks,Energisa S.A.
B3,EQTL3,EQTL3,BVMF,BRL,Stocks,Equatorial Energia S.A.
B3,FLRY3,FLRY3,BVMF,BRL,Stocks,Fleury S.A.
B3,GGBR4,GGBR4,BVMF,BRL,Stocks,Gerdau S.A.
B3,GOAU4,GOAU4,BVMF,BRL,Stocks,Metalurgica Gerdau S.A.
B3,HAPV3,HAPV3,BVMF,BRL,Stocks,Hapvida Participações e Investimentos S.A.
B3,HYPE3,HYPE3,BVMF,BRL,Stocks,Hypera S.A.
B3,IGTI11,IGTI11,BVMF,BRL,Stocks,Iguatemi S.A.
B3,INBR32,INBR32,BVMF,BRL,Stocks,Inter & Co Inc.
B3,IRBR3,IRBR3,BVMF,BRL,Stocks,IRB-Brasil Resseguros S.A.
B3,ISAE4,ISAE4,BVMF,BRL,Stocks,ISA Energia Brasil S.A
B3,ITSA4,ITSA4,BVMF,BRL,Stocks,Itaúsa S.A.
B3,ITUB4,ITUB4,BVMF,BRL,Stocks,Itau Unibanco Holding S.A.
B3,KLBN11,KLBN11,BVMF,BRL,Stocks,Klabin S.A.
B3,LREN3,LREN3,BVMF,BRL,Stocks,Lojas Renner S.A.
B3,MBRF3,MBRF3,BVMF,BRL,Stocks,Marfrig Global Foods S.A.
B3,MGLU3,MGLU3,BVMF,BRL,Stocks,Magazine Luiza S.A.
B3,MOTV3,MOTV3,BVMF,BRL,Stocks,Motiva Infraestrutura de Mobilidade
B3,MRVE3,MRVE3,BVMF,BRL,Stocks,MRV Engenharia e Participações S.A.
B3,MULT3,MULT3,BVMF,BRL,Stocks,Multiplan Empreendimentos Imobiliários S.A.
B3,PAGS34,PAGS34,BVMF,BRL,Stocks,PagSeguro Digital Ltd.
B3,PETR4,PETR4,BVMF,BRL,Stocks,Petróleo Brasileiro S.A.
B3,PRIO3,PRIO3,BVMF,BRL,Stocks,Prio S.A.
B3,RADL3,RADL3,BVMF,BRL,Stocks,Raia Drogasil S.A.
B3,RAIL3,RAIL3,BVMF,BRL,Stocks,Rumo S.A.
B3,RDOR3,RDOR3,BVMF,BRL,Stocks,Rede D'Or São Luiz S.A.
B3,RECV3,RECV3,BVMF,BRL,Stocks,Petroreconcavo S.A.
B3,RENT3,RENT3,BVMF,BRL,Stocks,Localiza Rent a Car S.A.
B3,ROXO34,ROXO34,BVMF,BRL,Stocks,Nu Holdings Ltd.
B3,SANB11,SANB11,BVMF,BRL,Stocks,Banco Santander (Brasil) S.A.
B3,SAPR11,SAPR11,BVMF,BRL,Stocks,Companhia de Saneamento do Paraná
B3,SBSP3,SBSP3,BVMF,BRL,Stocks,Companhia de Saneamento Básico do Estado de São Paulo - SABESP
B3,SLCE3,SLCE3,BVMF,BRL,Stocks,SLC Agrícola S.A.
B3,SMTO3,SMTO3,BVMF,BRL,Stocks,São Martinho S.A.
B3,SUZB3,SUZB3,BVMF,BRL,Stocks,Suzano S.A.
B3,TAEE11,TAEE11,BVMF,BRL,Stocks,Transmissora Aliança de Energia Elétrica S.A.
B3,TIMS3,TIMS3,BVMF,BRL,Stocks,Tim S.A.
B3,TOTS3,TOTS3,BVMF,BRL,Stocks,TOTVS S.A.
B3,UGPA3,UGPA3,BVMF,BRL,Stocks,Ultrapar Participacoes S.A.
B3,USIM5,USIM5,BVMF,BRL,Stocks,Usinas Siderúrgicas de Minas Gerais S.A.
B3,VALE3,VALE3,BVMF,BRL,Stocks,Vale S.A.
B3,VAMO3,VAMO3,BVMF,BRL,Stocks,"Vamos Locação de Caminhões, Máquinas e Equipamentos S.A."
B3,VBBR3,VBBR3,BVMF,BRL,Stocks,Vibra Energia S.A.
B3,VIVT3,VIVT3,BVMF,BRL,Stocks,Telefonica Brasil S.A.
B3,WEGE3,WEGE3,BVMF,BRL,Stocks,WEG S.A.
B3,XPBR31,XPBR31,BVMF,BRL,Stocks,XP Inc
B3,YDUQ3,YDUQ3,BVMF,BRL,Stocks,Yduqs Participações S.A.
BMV,AC,AC,XMEX,MXN,Stocks,Arca Continental
BMV,AGUA,AGUA,XMEX,MXN,Stocks,Grupo Rotoplas
BMV,ALPEKA,ALPEKA,XMEX,MXN,Stocks,Alpek
BMV,ALSEA,ALSEA,XMEX,MXN,Stocks,Alsea
BMV,BBAJIOO,BBAJIOO,XMEX,MXN,Stocks,Banco del Bajio SA Institucion de Banca Multiple
BMV,BIMBOA,BIMBOA,XMEX,MXN,Stocks,Grupo Bimbo
BMV,BOLSAA,BOLSAA,XMEX,MXN,Stocks,Bolsa Mexicana de Valores
BMV,CHDRAUIB,CHDRAUIB,XMEX,MXN,Stocks,Grupo Comercial Chedraui
BMV,CUERVO,CUERVO,XMEX,MXN,Stocks,Becle
BMV,GAPB,GAPB,XMEX,MXN,Stocks,Grupo Aeroportuario del Pacfico
BMV,GCARSOA1,GCARSOA1,XMEX,MXN,Stocks,Grupo Carso
BMV,GCC,GCC,XMEX,MXN,Stocks,GCC
BMV,GENTERA,GENTERA,XMEX,MXN,Stocks,Gentera
BMV,GFINBURO,GFINBURO,XMEX,MXN,Stocks,Grupo Financiero Inbursa
BMV,GFNORTEO,GFNORTEO,XMEX,MXN,Stocks,Grupo Financiero Banorte
BMV,GMEXICOB,GMEXICOB,XMEX,MXN,Stocks,Grupo Mexico
BMV,GRUMAB,GRUMAB,XMEX,MXN,Stocks,Gruma
BMV,KIMBERA,KIMBERA,XMEX,MXN,Stocks,Kimberly-Clark de Mexico
BMV,KOFUBL,KOFUBL,XMEX,MXN,Stocks,Coca-Cola FEMSA
BMV,LABB,LABB,XMEX,MXN,Stocks,Genomma Lab Internacional
BMV,MEGACPO,MEGACPO,XMEX,MXN,Stocks,Megacable Holdings
BMV,ORBIA,ORBIA,XMEX,MXN,Stocks,Orbia Advance Corporation
BMV,PE&OLES,PE&OLES,XMEX,MXN,Stocks,Industrias Penoles
BMV,PINFRA,PINFRA,XMEX,MXN,Stocks,Promotora y Operadora de Infraestructura
BMV,Q,Q,XMEX,MXN,Stocks,Qualitas Controladora
BMV,RA,RA,XMEX,MXN,Stocks,Regional
BMV,SIGMAFA,SIGMAFA,XMEX,MXN,Stocks,Sigma Foods
BMV,TRAXIONA,TRAXIONA,XMEX,MXN,Stocks,Grupo Traxion
BMV,VESTA,VESTA,XMEX,MXN,Stocks,Corporacion Inmobiliaria Vesta
BMV,WALMEX,WALMEX,XMEX,MXN,Stocks,Wal-Mart de México
Cboe Europe,8TRA,8TRA,XETR,EUR,Stocks,Traton SE
Cboe Europe,A5G,A5G,XDUB,EUR,Stocks,AIB Group plc
Cboe Europe,AALB,AALB,XAMS,EUR,Stocks,Aalberts NV
Cboe Europe,ABI,ABI,XBRU,EUR,Stocks,Anheuser-Busch InBev S.A./N.V.
Cboe Europe,ABN,ABN,XAMS,EUR,Stocks,ABN Amro Bank NV
Cboe Europe,AC,AC,XPAR,EUR,Stocks,Accor S.A.
Cboe Europe,ACA,ACA,XPAR,EUR,Stocks,Credit Agricole SA
Cboe Europe,ACE,ACE,XMIL,EUR,Stocks,ACEA SpA
Cboe Europe,ACS,ACS,XMAD,EUR,Stocks,Actividades de Construcción y Servicios S.A.
Cboe Europe,ACX,ACX,XMAD,EUR,Stocks,Acerinox SA
Cboe Europe,AD,AD,XAMS,EUR,Stocks,Koninklijke Ahold Delhaize N.V.
Cboe Europe,ADP,ADP,XPAR,EUR,Stocks,Aeroports de Paris SA
Cboe Europe,ADS,ADS,XETR,EUR,Stocks,Adidas AG
Cboe Europe,ADYEN,ADYEN,XAMS,EUR,Stocks,Adyen NV
Cboe Europe,AENA,AENA,XMAD,EUR,Stocks,Aena SME S.A.
Cboe Europe,AF,AF,XPAR,EUR,Stocks,AIR France-KLM SA
Cboe Europe,AFX,AFX,XETR,EUR,Stocks,Carl Zeiss Meditec AG
Cboe Europe,AGN,AGN,XAMS,EUR,Stocks,AEGON N.V.
Cboe Europe,AGS,AGS,XBRU,EUR,Stocks,Ageas S.A./N.V.
Cboe Europe,AI,AI,XPAR,EUR,Stocks,Air Liquide S.A.
Cboe Europe,AIR,AIR,XPAR,EUR,Stocks,Airbus SE
Cboe Europe,AIXA,AIXA,XETR,EUR,Stocks,AIXTRON SE
Cboe Europe,AKE,AKE,XPAR,EUR,Stocks,Arkema SA
Cboe Europe,AKZA,AKZA,XAMS,EUR,Stocks,Akzo Nobel N.V.
Cboe Europe,ALO,ALO,XPAR,EUR,Stocks,Alstom S.A.
Cboe Europe,ALV,ALV,XETR,EUR,Stocks,Allianz SE
Cboe Europe,AM,AM,XPAR,EUR,Stocks,Dassault Aviation SA
Cboe Europe,AMP,AMP,XMIL,EUR,Stocks,Amplifon S.p.A.
Cboe Europe,AMS,AMS,XMAD,EUR,Stocks,Amadeus It Group SA
Cboe Europe,AMUN,AMUN,XPAR,EUR,Stocks,Amundi SA
Cboe Europe,ANA,ANA,XMAD,EUR,Stocks,Acciona SA
Cboe Europe,ANDR,ANDR,XWBO,EUR,Stocks,Andritz AG
Cboe Europe,ANE,ANE,XMAD,EUR,Stocks,Corporacion Acciona Energias Renovable SA
Cboe Europe,AOF,AOF,XETR,EUR,Stocks,ATOSS Software AG
Cboe Europe,ARCAD,ARCAD,XAMS,EUR,Stocks,ARCADIS NV
Cboe Europe,ASM,ASM,XAMS,EUR,Stocks,ASM International NV
Cboe Europe,ASML,ASML,XAMS,EUR,Stocks,ASML Holding N.V.
Cboe Europe,ASRNL,ASRNL,XAMS,EUR,Stocks,ASR Nederland NV
Cboe Europe,ATE,ATE,XPAR,EUR,Stocks,Alten S.A.
Cboe Europe,AYV,AYV,XPAR,EUR,Stocks,Ayvens
Cboe Europe,AZM,AZM,XMIL,EUR,Stocks,Azimut Holding S.p.A.
Cboe Europe,BAMI,BAMI,XMIL,EUR,Stocks,Banco BPM S.p.A.
Cboe Europe,BAS,BAS,XETR,EUR,Stocks,BASF SE
Cboe Europe,BAYN,BAYN,XETR,EUR,Stocks,Bayer AG
Cboe Europe,BB,BB,XPAR,EUR,Stocks,Société BIC SA
Cboe Europe,BC8,BC8,XETR,EUR,Stocks,Bechtle AG
Cboe Europe,BCP,BCP,XLIS,EUR,Stocks,Banco Comercial Português SA
Cboe Europe,BCU,BCU,XMIL,EUR,Stocks,Brunello Cucinelli S.p.A.
Cboe Europe,BEI,BEI,XETR,EUR,Stocks,Beiersdorf AG
Cboe Europe,BEKB,BEKB,XBRU,EUR,Stocks,N.V. Bekaert S.A.
Cboe Europe,BESI,BESI,XAMS,EUR,Stocks,BE Semiconductor Industries NV
Cboe Europe,BFIT,BFIT,XAMS,EUR,Stocks,Basic Fit NV
Cboe Europe,BG,BG,XWBO,EUR,Stocks,BAWAG Group AG
Cboe Europe,BIM,BIM,XPAR,EUR,Stocks,BioMerieux SA
Cboe Europe,BIRG,BIRG,XDUB,EUR,Stocks,Bank of Ireland Group plc
Cboe Europe,BKT,BKT,XMAD,EUR,Stocks,Bankinter SA
Cboe Europe,BMED,BMED,XMIL,EUR,Stocks,Banca Mediolanum SpA
Cboe Europe,BMW,BMW,XETR,EUR,Stocks,Bayerische Motoren Werke AG
Cboe Europe,BN,BN,XPAR,EUR,Stocks,Danone S.A.
Cboe Europe,BNP,BNP,XPAR,EUR,Stocks,BNP Paribas S.A.
Cboe Europe,BNR,BNR,XETR,EUR,Stocks,Brenntag SE
Cboe Europe,BOSS,BOSS,XETR,EUR,Stocks,Hugo Boss AG
Cboe Europe,BVI,BVI,XPAR,EUR,Stocks,Bureau Veritas SA
Cboe Europe,BZU,BZU,XMIL,EUR,Stocks,Buzzi SpA
Cboe Europe,CA,CA,XPAR,EUR,Stocks,Carrefour S.A.
Cboe Europe,CABK,CABK,XMAD,EUR,Stocks,CaixaBank SA
Cboe Europe,CAP,CAP,XPAR,EUR,Stocks,Capgemini SE
Cboe Europe,CBK,CBK,XETR,EUR,Stocks,Commerzbank AG
Cboe Europe,CDI,CDI,XPAR,EUR,Stocks,Christian Dior SE
Cboe Europe,CIE,CIE,XMAD,EUR,Stocks,CIE Automotive SA
Cboe Europe,CLNX,CLNX,XMAD,EUR,Stocks,Cellnex Telecom SA
Cboe Europe,COL,COL,XMAD,EUR,Stocks,Inmobiliaria Colonial SOCIMI SA
Cboe Europe,CON,CON,XETR,EUR,Stocks,Continental AG O.N.
Cboe Europe,CPR,CPR,XMIL,EUR,Stocks,Davide Campari Milano NV
Cboe Europe,CS,CS,XPAR,EUR,Stocks,AXA S.A.
Cboe Europe,DB1,DB1,XETR,EUR,Stocks,Deutsche Boerse AG
Cboe Europe,DBK,DBK,XETR,EUR,Stocks,Deutsche Bank AG
Cboe Europe,DEC,DEC,XPAR,EUR,Stocks,JC Decaux S.A.
Cboe Europe,DG,DG,XPAR,EUR,Stocks,Vinci S.A.
Cboe Europe,DHER,DHER,XETR,EUR,Stocks,Delivery Hero SE
Cboe Europe,DHL,DHL,XETR,EUR,Stocks,DHL Group
Cboe Europe,DIA,DIA,XMIL,EUR,Stocks,DiaSorin S.p.A.
Cboe Europe,DIE,DIE,XBRU,EUR,Stocks,D'Ieteren Group SA
Cboe Europe,DMP,DMP,XETR,EUR,Stocks,Dermapharm Holding SE
Cboe Europe,DSY,DSY,XPAR,EUR,Stocks,Dassault Systemes SE
Cboe Europe,DTE,DTE,XETR,EUR,Stocks,Deutsche Telekom AG
Cboe Europe,DTG,DTG,XETR,EUR,Stocks,Daimler Truck Holding AG
Cboe Europe,DWS,DWS,XETR,EUR,Stocks,DWS Group GmbH & Co. KGaA
Cboe Europe,EBS,EBS,XWBO,EUR,Stocks,Erste Group Bank AG
Cboe Europe,EDEN,EDEN,XPAR,EUR,Stocks,Edenred SE
Cboe Europe,EDPR,EDPR,XLIS,EUR,Stocks,EDP Renovaveis SA
Cboe Europe,EL,EL,XPAR,EUR,Stocks,EssilorLuxottica S.A.
Cboe Europe,ELE,ELE,XMAD,EUR,Stocks,Endesa S.A.
Cboe Europe,ELIS,ELIS,XPAR,EUR,Stocks,Elis SA
Cboe Europe,ELISA,ELISA,XHEL,EUR,Stocks,Elisa Oyj
Cboe Europe,EN,EN,XPAR,EUR,Stocks,Bouygues S.A.
Cboe Europe,ENEL,ENEL,XMIL,EUR,Stocks,Enel S.p.A.
Cboe Europe,ENG,ENG,XMAD,EUR,Stocks,Enagas SA
Cboe Europe,ENGI,ENGI,XPAR,EUR,Stocks,Engie SA
Cboe Europe,ENR,ENR,XETR,EUR,Stocks,Siemens Energy AG
Cboe Europe,ENX,ENX,XPAR,EUR,Stocks,Euronext NV
Cboe Europe,EOAN,EOAN,XETR,EUR,Stocks,E ON SE
Cboe Europe,ERF,ERF,XPAR,EUR,Stocks,Eurofins Scientific SE
Cboe Europe,ERG,ERG,XMIL,EUR,Stocks,ERG SpA
Cboe Europe,EVD,EVD,XETR,EUR,Stocks,CTS Eventim AG & Co. KGaA
Cboe Europe,EVK,EVK,XETR,EUR,Stocks,Evonik Industries AG
Cboe Europe,EVT,EVT,XETR,EUR,Stocks,Evotec SE
Cboe Europe,EXO,EXO,XAMS,EUR,Stocks,Exor NV
Cboe Europe,FBK,FBK,XMIL,EUR,Stocks,FinecoBank Banca Fineco S.p.A.
Cboe Europe,FDJU,FDJU,XPAR,EUR,Stocks,FDJ United
Cboe Europe,FDR,FDR,XMAD,EUR,Stocks,Fluidra S.A.
Cboe Europe,FER,FER,XMAD,EUR,Stocks,Ferrovial S.A.
Cboe Europe,FGR,FGR,XPAR,EUR,Stocks,Eiffage SA
Cboe Europe,FIE,FIE,XETR,EUR,Stocks,Fielmann AG
Cboe Europe,FME,FME,XETR,EUR,Stocks,Fresenius Medical Care AG & Co. KGaA
Cboe Europe,FNTN,FNTN,XETR,EUR,Stocks,freenet AG
Cboe Europe,FORTUM,FORTUM,XHEL,EUR,Stocks,Fortum Oyj
Cboe Europe,FR,FR,XPAR,EUR,Stocks,Valeo S.A.
Cboe Europe,FRA,FRA,XETR,EUR,Stocks,Fraport AG
Cboe Europe,FRE,FRE,XETR,EUR,Stocks,Fresenius SE & Co. KGaA
Cboe Europe,FRVIA,FRVIA,XPAR,EUR,Stocks,Forvia SE
Cboe Europe,G,G,XMIL,EUR,Stocks,Assicurazioni Generali S.p.A.
Cboe Europe,G1A,G1A,XETR,EUR,Stocks,GEA Group Aktiengesellschaft
Cboe Europe,G24,G24,XETR,EUR,Stocks,Scout24 SE
Cboe Europe,GALP,GALP,XLIS,EUR,Stocks,GALP Energia SGPS SA
Cboe Europe,GBLB,GBLB,XBRU,EUR,Stocks,Groupe Bruxelles Lambert SA
Cboe Europe,GEST,GEST,XMAD,EUR,Stocks,Gestamp Automocion SA
Cboe Europe,GET,GET,XPAR,EUR,Stocks,Getlink SE
Cboe Europe,GL9,GL9,XDUB,EUR,Stocks,Glanbia plc
Cboe Europe,GLE,GLE,XPAR,EUR,Stocks,Societe Generale S.A.
Cboe Europe,GRF,GRF,XMAD,EUR,Stocks,Grifols S.A.
Cboe Europe,GXI,GXI,XETR,EUR,Stocks,Gerresheimer AG
Cboe Europe,HAG,HAG,XETR,EUR,Stocks,Hensoldt AG
Cboe Europe,HEI,HEI,XETR,EUR,Stocks,Heidelberg Materials AG
Cboe Europe,HEIA,HEIA,XAMS,EUR,Stocks,Heineken N.V.
Cboe Europe,HEN,HEN,XETR,EUR,Stocks,Henkel AG & Co. KGaA
Cboe Europe,HER,HER,XMIL,EUR,Stocks,HERA SpA
Cboe Europe,HFG,HFG,XETR,EUR,Stocks,Hellofresh SE
Cboe Europe,HIAB,HIAB,XHEL,EUR,Stocks,Hiab Oyj
Cboe Europe,HLAG,HLAG,XETR,EUR,Stocks,Hapag-Lloyd Aktiengesellschaft
Cboe Europe,HNR1,HNR1,XETR,EUR,Stocks,Hannover Rück SE
Cboe Europe,HO,HO,XPAR,EUR,Stocks,Thales SA
Cboe Europe,HOT,HOT,XETR,EUR,Stocks,HOCHTIEF Aktiengesellschaft
Cboe Europe,HUH1V,HUH1V,XHEL,EUR,Stocks,Huhtamaki Oyj
Cboe Europe,IAG,IAG,XMAD,EUR,Stocks,International Consolidated Airlines Group S.A.
Cboe Europe,IBE,IBE,XMAD,EUR,Stocks,Iberdrola SA
Cboe Europe,IFX,IFX,XETR,EUR,Stocks,Infineon Technologies AG
Cboe Europe,IG,IG,XMIL,EUR,Stocks,Italgas SpA
Cboe Europe,IMCD,IMCD,XAMS,EUR,Stocks,Imcd NV
Cboe Europe,INPST,INPST,XAMS,EUR,Stocks,InPost SA
Cboe Europe,IPN,IPN,XPAR,EUR,Stocks,Ipsen SA
Cboe Europe,IRE,IRE,XMIL,EUR,Stocks,Iren SpA
Cboe Europe,ISP,ISP,XMIL,EUR,Stocks,Intesa Sanpaolo S.p.A.
Cboe Europe,ITX,ITX,XMAD,EUR,Stocks,Industria de Diseno Textil S.A.
Cboe Europe,IVG,IVG,XMIL,EUR,Stocks,Iveco Group NV
Cboe Europe,JMT,JMT,XLIS,EUR,Stocks,Jeronimo Martins
Cboe Europe,JUN3,JUN3,XETR,EUR,Stocks,Jungheinrich Aktiengesellschaft
Cboe Europe,KBC,KBC,XBRU,EUR,Stocks,KBC Group S.A./N.V.
Cboe Europe,KBX,KBX,XETR,EUR,Stocks,Knorr-Bremse AG
Cboe Europe,KCR,KCR,XHEL,EUR,Stocks,Konecranes Plc
Cboe Europe,KER,KER,XPAR,EUR,Stocks,Kering S.A.
Cboe Europe,KESKOB,KESKOB,XHEL,EUR,Stocks,Kesko Oyj
Cboe Europe,KGX,KGX,XETR,EUR,Stocks,KION GROUP AG
Cboe Europe,KNEBV,KNEBV,XHEL,EUR,Stocks,Kone Oyj
Cboe Europe,KPN,KPN,XAMS,EUR,Stocks,Koninklijke KPN N.V.
Cboe Europe,KRN,KRN,XETR,EUR,Stocks,Krones AG
Cboe Europe,KRX,KRX,XDUB,EUR,Stocks,Kingspan Group plc
Cboe Europe,KRZ,KRZ,XDUB,EUR,Stocks,Kerry Group PLC
Cboe Europe,LDO,LDO,XMIL,EUR,Stocks,Leonardo S.p.A.
Cboe Europe,LHA,LHA,XETR,EUR,Stocks,Deutsche Lufthansa AG
Cboe Europe,LI,LI,XPAR,EUR,Stocks,Klepierre SA
Cboe Europe,LIGHT,LIGHT,XAMS,EUR,Stocks,Signify NV
Cboe Europe,LKFT,LKFT,XAMS,EUR,Stocks,Lakefront Biotherapeutics NV
Cboe Europe,LOG,LOG,XMAD,EUR,Stocks,Logista Integral S.A.
Cboe Europe,LR,LR,XPAR,EUR,Stocks,Legrand S.A.
Cboe Europe,LXS,LXS,XETR,EUR,Stocks,LANXESS Aktiengesellschaft
Cboe Europe,MAP,MAP,XMAD,EUR,Stocks,Mapfre SA
Cboe Europe,MB,MB,XMIL,EUR,Stocks,Mediobanca - Banca di Credito Finanziario S.p.A.
Cboe Europe,MBG,MBG,XETR,EUR,Stocks,Mercedes-Benz Group AG
Cboe Europe,MC,MC,XPAR,EUR,Stocks,LVMH Moet Hennessy Louis Vuitton SE
Cboe Europe,MF,MF,XPAR,EUR,Stocks,Wendel
Cboe Europe,ML,ML,XPAR,EUR,Stocks,Compagnie Générale des Établissements Michelin
Cboe Europe,MONC,MONC,XMIL,EUR,Stocks,Moncler S.p.A.
Cboe Europe,MRK,MRK,XETR,EUR,Stocks,Merck KGaA
Cboe Europe,MRL,MRL,XMAD,EUR,Stocks,MERLIN Properties SOCIMI SA
Cboe Europe,MT,MT,XAMS,EUR,Stocks,ArcelorMittal SA
Cboe Europe,MTX,MTX,XETR,EUR,Stocks,MTU Aero Engines AG
Cboe Europe,MUV2,MUV2,XETR,EUR,Stocks,Munich Reinsurance Company
Cboe Europe,NDA,NDA,XETR,EUR,Stocks,Aurubis AG
Cboe Europe,NDA,NDA.FI,XHEL,EUR,Stocks,Nordea Bank Abp
Cboe Europe,NDX1,NDX1,XETR,EUR,Stocks,Nordex SE
Cboe Europe,NEM,NEM,XETR,EUR,Stocks,Nemetschek SE
Cboe Europe,NESTE,NESTE,XHEL,EUR,Stocks,Neste Oyj
Cboe Europe,NEX,NEX,XPAR,EUR,Stocks,Nexans S.A.
Cboe Europe,NEXI,NEXI,XMIL,EUR,Stocks,Nexi SpA
Cboe Europe,NN,NN,XAMS,EUR,Stocks,NN Group N.V.
Cboe Europe,NTGY,NTGY,XMAD,EUR,Stocks,Naturgy Energy Group SA
Cboe Europe,NVG,NVG,XLIS,EUR,Stocks,The Navigator Company SA
Cboe Europe,OCI,OCI,XAMS,EUR,Stocks,Oci NV
Cboe Europe,OMV,OMV,XWBO,EUR,Stocks,OMV Aktiengesellschaft
Cboe Europe,OR,OR,XPAR,EUR,Stocks,L'Oreal S.A.
Cboe Europe,ORA,ORA,XPAR,EUR,Stocks,ORANGE S.A.
Cboe Europe,ORNBV,ORNBV,XHEL,EUR,Stocks,Orion Oyj
Cboe Europe,P911,P911,XETR,EUR,Stocks,Porsche AG
Cboe Europe,PIRC,PIRC,XMIL,EUR,Stocks,Pirelli & C. SpA
Cboe Europe,PROX,PROX,XBRU,EUR,Stocks,Proximus S.A.
Cboe Europe,PRX,PRX,XAMS,EUR,Stocks,Prosus NV
Cboe Europe,PRY,PRY,XMIL,EUR,Stocks,Prysmian S.p.A.
Cboe Europe,PST,PST,XMIL,EUR,Stocks,Poste Italiane SPA
Cboe Europe,PUB,PUB,XPAR,EUR,Stocks,Publicis Groupe S.A.
Cboe Europe,PUMD,PUM,XETR,EUR,Stocks,Puma SE
Cboe Europe,RAA,RAA,XETR,EUR,Stocks,RATIONAL Aktiengesellschaft
Cboe Europe,RACE,RACE,XMIL,EUR,Stocks,Ferrari N.V.
Cboe Europe,RAND,RAND,XAMS,EUR,Stocks,Randstad Holding N.V.
Cboe Europe,RBI,RBI,XWBO,EUR,Stocks,Raiffeisen Bank International AG
Cboe Europe,RCO,RCO,XPAR,EUR,Stocks,Remy Cointreau SA
Cboe Europe,REC,REC,XMIL,EUR,Stocks,Recordati Industria Chimica e Farmaceutica SpA
Cboe Europe,REE,REE,XMAD,EUR,Stocks,Redeia Corporación S.A.
Cboe Europe,REP,REP,XMAD,EUR,Stocks,Repsol SA
Cboe Europe,REY,REY,XMIL,EUR,Stocks,Reply SpA
Cboe Europe,RF,RF,XPAR,EUR,Stocks,Eurazeo SE
Cboe Europe,RHM,RHM,XETR,EUR,Stocks,Rheinmetall AG
Cboe Europe,RI,RI,XPAR,EUR,Stocks,Pernod Ricard S.A.
Cboe Europe,RMS,RMS,XPAR,EUR,Stocks,Hermes International S.A.
Cboe Europe,RNO,RNO,XPAR,EUR,Stocks,Renault S.A.
Cboe Europe,RRTL,RRTL,XETR,EUR,Stocks,RTL Group SA
Cboe Europe,RUI,RUI,XPAR,EUR,Stocks,Rubis
Cboe Europe,RWE,RWE,XETR,EUR,Stocks,RWE AG
Cboe Europe,RXL,RXL,XPAR,EUR,Stocks,Rexel SA
Cboe Europe,RYAAY,RYA,XDUB,EUR,Stocks,Ryanair Holdings plc
Cboe Europe,S92,S92,XETR,EUR,Stocks,SMA Solar Technology AG
Cboe Europe,SAB,SAB,XMAD,EUR,Stocks,Banco de Sabadell SA
Cboe Europe,SAF,SAF,XPAR,EUR,Stocks,Safran S.A.
Cboe Europe,SAMPO,SAMPO,XHEL,EUR,Stocks,Sampo Oyj
Cboe Europe,SAN,SAN,XMAD,EUR,Stocks,Banco Santander SA
Cboe Europe,SAN,SAN,XPAR,EUR,Stocks,Sanofi S.A.
Cboe Europe,SAP,SAP,XETR,EUR,Stocks,SAP SE
Cboe Europe,SBMO,SBMO,XAMS,EUR,Stocks,SBM Offshore N.V.
Cboe Europe,SCR,SCR,XPAR,EUR,Stocks,SCOR SE
Cboe Europe,SESG,SESG,XPAR,EUR,Stocks,SES SA
Cboe Europe,SFER,SFER,XMIL,EUR,Stocks,Salvatore Ferragamo S.p.A.
Cboe Europe,SGO,SGO,XPAR,EUR,Stocks,Compagnie de Saint-Gobain S.A.
Cboe Europe,SHA,SHA,XETR,EUR,Stocks,Schaeffler AG
Cboe Europe,SHEL,SHELL,XAMS,EUR,Stocks,Shell PLC
Cboe Europe,SHL,SHL,XETR,EUR,Stocks,Siemens Healthineers AG
Cboe Europe,SIE,SIE,XETR,EUR,Stocks,Siemens AG
Cboe Europe,SIX2,SIX2,XETR,EUR,Stocks,Sixt SE
Cboe Europe,SK,SK,XPAR,EUR,Stocks,SEB SA
Cboe Europe,SOF,SOF,XBRU,EUR,Stocks,Sofina Société Anonyme
Cboe Europe,SOI,SOI,XPAR,EUR,Stocks,Soitec SA
Cboe Europe,SOLB,SOLB,XBRU,EUR,Stocks,Solvay S.A.
Cboe Europe,SPIE,SPIE,XPAR,EUR,Stocks,Spie SA
Cboe Europe,SRG,SRG,XMIL,EUR,Stocks,Snam S.p.A.
Cboe Europe,SRT3,SRT3,XETR,EUR,Stocks,Sartorius AG
Cboe Europe,STERV,STERV,XHEL,EUR,Stocks,Stora Enso OYJ
Cboe Europe,STM,STMPA,XPAR,EUR,Stocks,STMicroelectronics N.V.
Cboe Europe,SU,SU,XPAR,EUR,Stocks,Schneider Electric SE
Cboe Europe,SW,SW,XPAR,EUR,Stocks,Sodexo SA
Cboe Europe,SY1,SY1,XETR,EUR,Stocks,Symrise AG
Cboe Europe,TEF,TEF,XMAD,EUR,Stocks,Telefonica SA
Cboe Europe,TEP,TEP,XPAR,EUR,Stocks,Teleperformance SE
Cboe Europe,TIETO,TIETO,XHEL,EUR,Stocks,Tietoevry Oyj
Cboe Europe,TIT,TIT,XMIL,EUR,Stocks,Telecom Italia S.p.A.
Cboe Europe,TKA,TKA,XETR,EUR,Stocks,Thyssenkrupp AG
Cboe Europe,TLX,TLX,XETR,EUR,Stocks,Talanx AG
Cboe Europe,TMV,TMV,XETR,EUR,Stocks,TeamViewer SE
Cboe Europe,TPRO,TPRO,XMIL,EUR,Stocks,Technoprobe SpA
Cboe Europe,TRE,TRE,XMAD,EUR,Stocks,Tecnicas Reunidas S.A.
Cboe Europe,TRI,TRI,XPAR,EUR,Stocks,Trigano S.A.
Cboe Europe,TRN,TRN,XMIL,EUR,Stocks,Terna Rete Elettrica Nazionale SpA
Cboe Europe,TTE,TTE,XPAR,EUR,Stocks,TotalEnergies SE
Cboe Europe,UBI,UBI,XPAR,EUR,Stocks,UBISOFT Entertainment S.A.
Cboe Europe,UCB,UCB,XBRU,EUR,Stocks,UCB S.A.
Cboe Europe,UCG,UCG,XMIL,EUR,Stocks,UniCredit S.p.A.
Cboe Europe,UMG,UMG,XAMS,EUR,Stocks,Universal Music Group NV
Cboe Europe,UMI,UMI,XBRU,EUR,Stocks,Umicore S.A.
Cboe Europe,UN01,UN01,XETR,EUR,Stocks,Uniper SE
Cboe Europe,UNI,UNI,XMAD,EUR,Stocks,Unicaja Banco SA
Cboe Europe,UPM,UPM,XHEL,EUR,Stocks,UPM-Kymmene Corporation
Cboe Europe,UQA,UQA,XWBO,EUR,Stocks,UNIQA Insurance Group AG
Cboe Europe,URW,URW,XPAR,EUR,Stocks,Unibail-Rodamco-Westfield SE
Cboe Europe,UTDI,UTDI,XETR,EUR,Stocks,United Internet AG
Cboe Europe,VALMT,VALMT,XHEL,EUR,Stocks,Valmet Corp
Cboe Europe,VER,VER,XWBO,EUR,Stocks,VERBUND AG
Cboe Europe,VID,VID,XMAD,EUR,Stocks,Vidrala SA
Cboe Europe,VIE,VIE,XPAR,EUR,Stocks,Veolia Environnement S.A.
Cboe Europe,VIG,VIG,XWBO,EUR,Stocks,Vienna Insurance Group AG
Cboe Europe,VIS,VIS,XMAD,EUR,Stocks,Viscofan SA
Cboe Europe,VIV,VIV,XPAR,EUR,Stocks,Vivendi S.A.
Cboe Europe,VNA,VNA,XETR,EUR,Stocks,Vonovia SE
Cboe Europe,VOE,VOE,XWBO,EUR,Stocks,Voestalpine AG
Cboe Europe,VOW3,VOW3,XETR,EUR,Stocks,Volkswagen AG
Cboe Europe,VPK,VPK,XAMS,EUR,Stocks,Koninklijke Vopak N.V.
Cboe Europe,WCH,WCH,XETR,EUR,Stocks,Wacker Chemie AG
Cboe Europe,WIE,WIE,XWBO,EUR,Stocks,Wienerberger AG
Cboe Europe,WKL,WKL,XAMS,EUR,Stocks,Wolters Kluwer N.V.
Cboe Europe,WRT1V,WRT1V,XHEL,EUR,Stocks,Wartsila Oyj Abp
Cboe Europe,ZAL,ZAL,XETR,EUR,Stocks,Zalando SE
NASDAQ,AAL,AAL,XNAS,USD,Stocks,American Airlines Group Inc.
NASDAQ,AAOI,AAOI,XNAS,USD,Stocks,Applied Optoelectronics Inc
NASDAQ,AAON,AAON,XNAS,USD,Stocks,Aaon Inc.
NASDAQ,AAPL,AAPL,XNAS,USD,Stocks,Apple Inc.
NASDAQ,ABNB,ABNB,XNAS,USD,Stocks,Airbnb Inc.
NASDAQ,ACAD,ACAD,XNAS,USD,Stocks,ACADIA Pharmaceuticals Inc.
NASDAQ,ACGL,ACGL,XNAS,USD,Stocks,Arch Capital Group Ltd.
NASDAQ,ACHC,ACHC,XNAS,USD,Stocks,Acadia Healthcare Company Inc
NASDAQ,ACLS,ACLS,XNAS,USD,Stocks,Axcelis Technologies Inc.
NASDAQ,ADBE,ADBE,XNAS,USD,Stocks,Adobe Systems Inc.
NASDAQ,ADI,ADI,XNAS,USD,Stocks,Analog Devices Inc.
NASDAQ,ADMA,ADMA,XNAS,USD,Stocks,ADMA Biologics Inc
NASDAQ,ADP,ADP,XNAS,USD,Stocks,Automatic Data Processing Inc.
NASDAQ,ADSK,ADSK,XNAS,USD,Stocks,Autodesk Inc.
NASDAQ,ADUS,ADUS,XNAS,USD,Stocks,Addus Homecare Corporation
NASDAQ,AEIS,AEIS,XNAS,USD,Stocks,Advanced Energy Industries Inc.
NASDAQ,AEP,AEP,XNAS,USD,Stocks,American Electric Power Inc.
NASDAQ,AFRM,AFRM,XNAS,USD,Stocks,Affirm Holdings Inc
NASDAQ,AGNC,AGNC,XNAS,USD,Stocks,AGNC Investment Corp
NASDAQ,AGYS,AGYS,XNAS,USD,Stocks,Agilysys Inc
NASDAQ,AHCO,AHCO,XNAS,USD,Stocks,Adapthealth Corp.
NASDAQ,AKAM,AKAM,XNAS,USD,Stocks,Akamai Technologies Inc.
NASDAQ,ALAB,ALAB,XNAS,USD,Stocks,Astera Labs Inc
NASDAQ,ALGM,ALGM,XNAS,USD,Stocks,Allegro MicroSystems Inc
NASDAQ,ALGN,ALGN,XNAS,USD,Stocks,Align Technology Inc.
NASDAQ,ALGT,ALGT,XNAS,USD,Stocks,Allegiant Travel Company
NASDAQ,ALKS,ALKS,XNAS,USD,Stocks,Alkermes Plc
NASDAQ,ALNY,ALNY,XNAS,USD,Stocks,Alnylam Pharmaceuticals Inc.
NASDAQ,ALRM,ALRM,XNAS,USD,Stocks,AlarmCom Hldg Inc
NASDAQ,AMAT,AMAT,XNAS,USD,Stocks,Applied Materials Inc.
NASDAQ,AMBA,AMBA,XNAS,USD,Stocks,Ambarella Inc.
NASDAQ,AMD,AMD,XNAS,USD,Stocks,Advanced Micro Devices Inc.
NASDAQ,AMGN,AMGN,XNAS,USD,Stocks,Amgen Inc.
NASDAQ,AMKR,AMKR,XNAS,USD,Stocks,Amkor Technology Inc.
NASDAQ,AMZN,AMZN,XNAS,USD,Stocks,Amazon.com Inc.
NASDAQ,ANDE,ANDE,XNAS,USD,Stocks,Andersons Inc.
NASDAQ,APA,APA,XNAS,USD,Stocks,APA Corp
NASDAQ,APLD,APLD,XNAS,USD,Stocks,Applied Digital Corporation
NASDAQ,APP,APP,XNAS,USD,Stocks,Applovin Corp
NASDAQ,APPF,APPF,XNAS,USD,Stocks,AppFolio Inc
NASDAQ,APPN,APPN,XNAS,USD,Stocks,Appian Corp.
NASDAQ,ARCC,ARCC,XNAS,USD,Stocks,Ares Capital Corporation
NASDAQ,ARGX,ARGX,XNAS,USD,Stocks,argenx SE
NASDAQ,ARM,ARM,XNAS,USD,Stocks,Arm Holdings PLC
NASDAQ,ARRY,ARRY,XNAS,USD,Stocks,Array Technologies Inc.
NASDAQ,ARWR,ARWR,XNAS,USD,Stocks,Arrowhead Pharmaceuticals Inc.
NASDAQ,ASND,ASND,XNAS,USD,Stocks,Ascendis Pharma A/S
NASDAQ,ASO,ASO,XNAS,USD,Stocks,Academy Sports and Outdoors Inc
NASDAQ,ASTS,ASTS,XNAS,USD,Stocks,AST SpaceMobile Inc
NASDAQ,ATAT,ATAT,XNAS,USD,Stocks,Atour Lifestyle Holdings Ltd
NASDAQ,AUGO,AUGO,XNAS,USD,Stocks,Aura Minerals Inc.
NASDAQ,AUR,AUR,XNAS,USD,Stocks,Aurora Innovation Inc.
NASDAQ,AVAV,AVAV,XNAS,USD,Stocks,AeroVironment Inc.
NASDAQ,AVGO,AVGO,XNAS,USD,Stocks,Broadcom Inc
NASDAQ,AVPT,AVPT,XNAS,USD,Stocks,AvePoint Inc
NASDAQ,AVT,AVT,XNAS,USD,Stocks,Avnet Inc.
NASDAQ,AXON,AXON,XNAS,USD,Stocks,Axon Enterprise Inc.
NASDAQ,AXTI,AXTI,XNAS,USD,Stocks,"AXT, Inc."
NASDAQ,AZTA,AZTA,XNAS,USD,Stocks,Azenta Inc.
NASDAQ,BANR,BANR,XNAS,USD,Stocks,Banner Corporation
NASDAQ,BCPC,BCPC,XNAS,USD,Stocks,Balchem Corp
NASDAQ,BEAM,BEAM,XNAS,USD,Stocks,Beam Therapeutics Inc.
NASDAQ,BHF,BHF,XNAS,USD,Stocks,Brighthouse Financial Inc.
NASDAQ,BIDU,BIDU,XNAS,USD,Stocks,Baidu Inc.
NASDAQ,BIIB,BIIB,XNAS,USD,Stocks,Biogen Inc.
NASDAQ,BILI,BILI,XNAS,USD,Stocks,Bilibili Inc.
NASDAQ,BKNG,BKNG,XNAS,USD,Stocks,Booking Holdings Inc.
NASDAQ,BKR,BKR,XNAS,USD,Stocks,Baker Hughes Co
NASDAQ,BL,BL,XNAS,USD,Stocks,Blackline Inc.
NASDAQ,BLKB,BLKB,XNAS,USD,Stocks,Blackbaud Inc.
NASDAQ,BMBL,BMBL,XNAS,USD,Stocks,Bumble Inc.
NASDAQ,BMRN,BMRN,XNAS,USD,Stocks,Biomarin Pharmaceutical Inc.
NASDAQ,BNTX,BNTX,XNAS,USD,Stocks,BioNTech SE
NASDAQ,BOKF,BOKF,XNAS,USD,Stocks,BOK Financial Corp
NASDAQ,BPOP,BPOP,XNAS,USD,Stocks,Popular Inc.
NASDAQ,BRKR,BRKR,XNAS,USD,Stocks,Bruker Corporation
NASDAQ,BSP,BSP,XNAS,USD,Stocks,Bending Spoons S.p.A.
NASDAQ,BSY,BSY,XNAS,USD,Stocks,Bentley Systems Inc.
NASDAQ,BTSG,BTSG,XNAS,USD,Stocks,Brightspring Health Services Inc
NASDAQ,BZ,BZ,XNAS,USD,Stocks,Kanzhun Ltd
NASDAQ,CACC,CACC,XNAS,USD,Stocks,Credit Acceptance Corp.
NASDAQ,CAE,CAE,XNAS,USD,Stocks,Cae Inc
NASDAQ,CAKE,CAKE,XNAS,USD,Stocks,The Cheesecake Factory Incorporated
NASDAQ,CALM,CALM,XNAS,USD,Stocks,Cal-Maine Foods Inc.
NASDAQ,CAR,CAR,XNAS,USD,Stocks,Avis Budget Group Inc
NASDAQ,CARG,CARG,XNAS,USD,Stocks,CarGurus Inc.
NASDAQ,CART,CART,XNAS,USD,Stocks,Instacart (Maplebear Inc.)
NASDAQ,CASY,CASY,XNAS,USD,Stocks,Casey's General Stores Inc
NASDAQ,CATY,CATY,XNAS,USD,Stocks,Cathay General Bancorp
NASDAQ,CBRS,CBRS,XNAS,USD,Stocks,Cerebras Systems Inc.
NASDAQ,CCEP,CCEP,XNAS,USD,Stocks,Coca-Cola Europacific Partners PLC
NASDAQ,CCOI,CCOI,XNAS,USD,Stocks,Cogent Communications Holdings Inc.
NASDAQ,CDNS,CDNS,XNAS,USD,Stocks,Cadence Design Systems Inc.
NASDAQ,CDW,CDW,XNAS,USD,Stocks,CDW Corp
NASDAQ,CEG,CEG,XNAS,USD,Stocks,Constellation Energy Corp.
NASDAQ,CELH,CELH,XNAS,USD,Stocks,Celsius Holdings Inc.
NASDAQ,CENX,CENX,XNAS,USD,Stocks,Century Aluminum Company
NASDAQ,CG,CG,XNAS,USD,Stocks,Carlyle Group Inc.
NASDAQ,CGNX,CGNX,XNAS,USD,Stocks,Cognex Corporation
NASDAQ,CHDN,CHDN,XNAS,USD,Stocks,"Churchill Downs, Inc."
NASDAQ,CHEF,CHEF,XNAS,USD,Stocks,The Chefs' Warehouse Inc.
NASDAQ,CHKP,CHKP,XNAS,USD,Stocks,Check Point Software Technologies Ltd.
NASDAQ,CHRD,CHRD,XNAS,USD,Stocks,Chord Energy Corp
NASDAQ,CHRW,CHRW,XNAS,USD,Stocks,C.H.Robinson Worldwide Inc.
NASDAQ,CHTR,CHTR,XNAS,USD,Stocks,Charter Communications Inc.
NASDAQ,CIGI,CIGI,XNAS,USD,Stocks,Colliers International Group Inc
NASDAQ,CINF,CINF,XNAS,USD,Stocks,Cincinnati Financial Corporation
NASDAQ,CLBT,CLBT,XNAS,USD,Stocks,Cellebrite DI Ltd.
NASDAQ,CLSK,CLSK,XNAS,USD,Stocks,CleanSpark Inc.
NASDAQ,CMCSA,CMCSA,XNAS,USD,Stocks,Comcast Corporation
NASDAQ,CME,CME,XNAS,USD,Stocks,CME Group Inc.
NASDAQ,COIN,COIN,XNAS,USD,Stocks,Coinbase Global Inc.
NASDAQ,COKE,COKE,XNAS,USD,Stocks,"Coca-Cola Consolidated, Inc."
NASDAQ,COLM,COLM,XNAS,USD,Stocks,Columbia Sportswear Company
NASDAQ,COO,COO,XNAS,USD,Stocks,Cooper Companies Inc.
NASDAQ,COST,COST,XNAS,USD,Stocks,Costco Wholesale Corp.
NASDAQ,CPB,CPB,XNAS,USD,Stocks,Campbell Soup Co
NASDAQ,CPRT,CPRT,XNAS,USD,Stocks,Copart Inc.
NASDAQ,CRDO,CRDO,XNAS,USD,Stocks,Credo Technology Group Holding Ltd
NASDAQ,CRESY,CRESY,XNAS,USD,Stocks,"Cresud Sociedad Anónima, Comercial, Inmobiliaria, Financiera y Agropecuaria"
NASDAQ,CROX,CROX,XNAS,USD,Stocks,Crocs Inc.
NASDAQ,CRSP,CRSP,XNAS,USD,Stocks,Crispr Therapeutics AG
NASDAQ,CRUS,CRUS,XNAS,USD,Stocks,"Cirrus Logic, Inc."
NASDAQ,CRWD,CRWD,XNAS,USD,Stocks,Crowdstrike Holdings Inc.
NASDAQ,CRWV,CRWV,XNAS,USD,Stocks,"CoreWeave, Inc."
NASDAQ,CSCO,CSCO,XNAS,USD,Stocks,Cisco Systems Inc.
NASDAQ,CSGP,CSGP,XNAS,USD,Stocks,CoStar Group Inc.
NASDAQ,CSX,CSX,XNAS,USD,Stocks,CSX Corp.
NASDAQ,CTAS,CTAS,XNAS,USD,Stocks,Cintas Corporation
NASDAQ,CTSH,CTSH,XNAS,USD,Stocks,Cognizant Technology Solutions Corp.
NASDAQ,CVBF,CVBF,XNAS,USD,Stocks,CVB Financial Corp.
NASDAQ,CVLT,CVLT,XNAS,USD,Stocks,CommVault Systems Inc.
NASDAQ,CYTK,CYTK,XNAS,USD,Stocks,Cytokinetics Inc.
NASDAQ,CZR,CZR,XNAS,USD,Stocks,Caesars Entertainment Inc.
NASDAQ,DASH,DASH,XNAS,USD,Stocks,DoorDash Inc
NASDAQ,DAVE,DAVE,XNAS,USD,Stocks,Dave Inc.
NASDAQ,DBX,DBX,XNAS,USD,Stocks,Drop Box
NASDAQ,DDOG,DDOG,XNAS,USD,Stocks,Datadog Inc.
NASDAQ,DFTX,DFTX,XNAS,USD,Stocks,Definium Therapeutics Inc
NASDAQ,DIOD,DIOD,XNAS,USD,Stocks,Diodes Inc
NASDAQ,DKNG,DKNG,XNAS,USD,Stocks,DraftKings Inc.
NASDAQ,DLO,DLO,XNAS,USD,Stocks,Dlocal Ltd.
NASDAQ,DLTR,DLTR,XNAS,USD,Stocks,Dollar Tree Inc.
NASDAQ,DNLI,DNLI,XNAS,USD,Stocks,Denali Therapeutics Inc
NASDAQ,DNUT,DNUT,XNAS,USD,Stocks,Krispy Kreme Inc.
NASDAQ,DOCU,DOCU,XNAS,USD,Stocks,DocuSign Inc.
NASDAQ,DOO,DOO,XNAS,USD,Stocks,BRP Inc.
NASDAQ,DORM,DORM,XNAS,USD,Stocks,Dorman Products Inc
NASDAQ,DOX,DOX,XNAS,USD,Stocks,Amdocs Limited
NASDAQ,DPZ,DPZ,XNAS,USD,Stocks,Domino's Pizza Inc.
NASDAQ,DRAM,DRAM,XNAS,USD,Etfs,Roundhill Memory ETF
NASDAQ,DRS,DRS,XNAS,USD,Stocks,Leonardo DRS Inc.
NASDAQ,DRVN,DRVN,XNAS,USD,Stocks,Driven Brands Holdings Inc.
NASDAQ,DSGX,DSGX,XNAS,USD,Stocks,Descartes Systems Group Inc
NASDAQ,DUOL,DUOL,XNAS,USD,Stocks,Duolingo Inc.
NASDAQ,DXCM,DXCM,XNAS,USD,Stocks,DexCom Inc.
NASDAQ,EBAY,EBAY,XNAS,USD,Stocks,eBay Inc.
NASDAQ,EBC,EBC,XNAS,USD,Stocks,Eastern Bankshares Inc.
NASDAQ,ECHO,ECHO,XNAS,USD,Stocks,EchoStar Corp
NASDAQ,EEFT,EEFT,XNAS,USD,Stocks,Euronet Worldwide Inc
NASDAQ,ENLT,ENLT,XNAS,USD,Stocks,Enlight Renewable Energy Ltd.
NASDAQ,ENPH,ENPH,XNAS,USD,Stocks,Enphase Energy Inc.
NASDAQ,ENSG,ENSG,XNAS,USD,Stocks,Ensign Group Inc.
NASDAQ,ENTG,ENTG,XNAS,USD,Stocks,Entegris Inc.
NASDAQ,ENVX,ENVX,XNAS,USD,Stocks,Enovix Corporation
NASDAQ,EOSE,EOSE,XNAS,USD,Stocks,Eos Energy Enterprises Inc
NASDAQ,EQIX,EQIX,XNAS,USD,Stocks,Equinix Inc
NASDAQ,ERIC,ERIC,XNAS,USD,Stocks,Telefonaktiebolaget LM Ericsson Class B
NASDAQ,ESLT,ESLT,XNAS,USD,Stocks,Elbit Systems Ltd
NASDAQ,ETHA,ETHA,XNAS,USD,Etfs,iShares Ethereum Trust ETF
NASDAQ,EWBC,EWBC,XNAS,USD,Stocks,East West Bancorp Inc
NASDAQ,EXC,EXC,XNAS,USD,Stocks,Exelon Corp
NASDAQ,EXEL,EXEL,XNAS,USD,Stocks,Exelixis Inc.
NASDAQ,EXLS,EXLS,XNAS,USD,Stocks,Exlservice Holdings Inc
NASDAQ,EXPE,EXPE,XNAS,USD,Stocks,Expedia Inc.
NASDAQ,EXPO,EXPO,XNAS,USD,Stocks,Exponent Inc.
NASDAQ,EXTR,EXTR,XNAS,USD,Stocks,Extreme Networks Inc
NASDAQ,EYE,EYE,XNAS,USD,Stocks,National Vision Holdings Inc.
NASDAQ,FANG,FANG,XNAS,USD,Stocks,Diamondback Energy Inc
NASDAQ,FAST,FAST,XNAS,USD,Stocks,Fastenal Company
NASDAQ,FFIV,FFIV,XNAS,USD,Stocks,F5 Networks Inc.
NASDAQ,FHB,FHB,XNAS,USD,Stocks,First Hawaiian Inc.
NASDAQ,FISV,FISV,XNAS,USD,Stocks,Fiserv Inc
NASDAQ,FIVE,FIVE,XNAS,USD,Stocks,Five Below Inc.
NASDAQ,FIVN,FIVN,XNAS,USD,Stocks,Five9 Inc.
NASDAQ,FIZZ,FIZZ,XNAS,USD,Stocks,National Beverage Corp.
NASDAQ,FLEX,FLEX,XNAS,USD,Stocks,Flex Ltd
NASDAQ,FLY,FLY,XNAS,USD,Stocks,Firefly Aerospace Inc.
NASDAQ,FLYW,FLYW,XNAS,USD,Stocks,Flywire Corp.
NASDAQ,FORM,FORM,XNAS,USD,Stocks,FormFactor Inc.
NASDAQ,FOXA,FOXA,XNAS,USD,Stocks,Fox Corporation
NASDAQ,FOXF,FOXF,XNAS,USD,Stocks,Fox Factory Holding Corp
NASDAQ,FRHC,FRHC,XNAS,USD,Stocks,Freedom Holding Corp.
NASDAQ,FROG,FROG,XNAS,USD,Stocks,JFrog Ltd.
NASDAQ,FRPT,FRPT,XNAS,USD,Stocks,Freshpet Inc
NASDAQ,FRSH,FRSH,XNAS,USD,Stocks,Freshworks Inc.
NASDAQ,FRVO,FRVO,XNAS,USD,Stocks,Fervo Energy Company
NASDAQ,FSLR,FSLR,XNAS,USD,Stocks,First Solar Inc
NASDAQ,FTAI,FTAI,XNAS,USD,Stocks,FTAI Aviation Ltd.
NASDAQ,FTNT,FTNT,XNAS,USD,Stocks,Fortinet Inc.
NASDAQ,FULT,FULT,XNAS,USD,Stocks,Fulton Financial Corporation
NASDAQ,FUTU,FUTU,XNAS,USD,Stocks,Futu Holdings Ltd
NASDAQ,FWONK,FWONK,XNAS,USD,Stocks,Formula One Group
NASDAQ,FWRD,FWRD,XNAS,USD,Stocks,Forward Air Corporation
NASDAQ,GDS,GDS,XNAS,USD,Stocks,GDS Holdings Ltd.
NASDAQ,GEHC,GEHC,XNAS,USD,Stocks,GE HealthCare Technologies Inc.
NASDAQ,GEN,GEN,XNAS,USD,Stocks,Gen Digital Inc.
NASDAQ,GFS,GFS,XNAS,USD,Stocks,Globalfoundries Inc.
NASDAQ,GGAL,GGAL,XNAS,USD,Stocks,Grupo Financiero Galicia S.A.
NASDAQ,GH,GH,XNAS,USD,Stocks,Guardant Health Inc.
NASDAQ,GILD,GILD,XNAS,USD,Stocks,Gilead Sciences Inc.
NASDAQ,GLBE,GLBE,XNAS,USD,Stocks,Global-E Online Ltd
NASDAQ,GLNG,GLNG,XNAS,USD,Stocks,Golar LNG Limited
NASDAQ,GLPI,GLPI,XNAS,USD,Stocks,Gaming and Leisure Properties Inc.
NASDAQ,GNTX,GNTX,XNAS,USD,Stocks,Gentex Corporation
NASDAQ,GOOGL,GOOGL,XNAS,USD,Stocks,Alphabet Inc.
NASDAQ,GRAB,GRAB,XNAS,USD,Stocks,Grab Holdings Limited
NASDAQ,GSAT,GSAT,XNAS,USD,Stocks,Globalstar Inc.
NASDAQ,GT,GT,XNAS,USD,Stocks,Goodyear Tire & Rubber Co.
NASDAQ,GTLB,GTLB,XNAS,USD,Stocks,Gitlab Inc
NASDAQ,GTM,GTM,XNAS,USD,Stocks,ZoomInfo Technologies Inc.
NASDAQ,GTX,GTX,XNAS,USD,Stocks,Garrett Motion Inc
NASDAQ,HALO,HALO,XNAS,USD,Stocks,Halozyme Therapeutics Inc.
NASDAQ,HAS,HAS,XNAS,USD,Stocks,Hasbro Inc.
NASDAQ,HBAN,HBAN,XNAS,USD,Stocks,Huntington Bancshares Incorporated
NASDAQ,HELE,HELE,XNAS,USD,Stocks,Helen of Troy Limited
NASDAQ,HIMX,HIMX,XNAS,USD,Stocks,"Himax Technologies, Inc."
NASDAQ,HON,HON,XNAS,USD,Stocks,Honeywell International Inc.
NASDAQ,HONA,HONA,XNAS,USD,Stocks,Honeywell Aerospace Inc
NASDAQ,HOOD,HOOD,XNAS,USD,Stocks,Robinhood Markets Inc.
NASDAQ,HQY,HQY,XNAS,USD,Stocks,Healthequity Inc.
NASDAQ,HRMY,HRMY,XNAS,USD,Stocks,Harmony Biosciences Holdings Inc.
NASDAQ,HSAI,HSAI,XNAS,USD,Stocks,Hesai Group
NASDAQ,HSIC,HSIC,XNAS,USD,Stocks,Henry Schein Inc.
NASDAQ,HST,HST,XNAS,USD,Stocks,Host Hotels & Resorts Inc.
NASDAQ,HTHT,HTHT,XNAS,USD,Stocks,H World Group Ltd.
NASDAQ,HTZ,HTZ,XNAS,USD,Stocks,Hertz Global Holdings Inc
NASDAQ,HWC,HWC,XNAS,USD,Stocks,Hancock Whitney Corp
NASDAQ,IART,IART,XNAS,USD,Stocks,Integra Lifesciences Holdings Corp
NASDAQ,IBIT,IBIT,XNAS,USD,Etfs,iShares Bitcoin Trust ETF
NASDAQ,IBKR,IBKR,XNAS,USD,Stocks,Interactive Brokers Group Inc.
NASDAQ,IBOC,IBOC,XNAS,USD,Stocks,International Bancshares Corp.
NASDAQ,ICFI,ICFI,XNAS,USD,Stocks,ICF International Inc
NASDAQ,ICLR,ICLR,XNAS,USD,Stocks,ICON PLC
NASDAQ,ICUI,ICUI,XNAS,USD,Stocks,ICU Medical Inc.
NASDAQ,IDCC,IDCC,XNAS,USD,Stocks,InterDigital Inc.
NASDAQ,IDXX,IDXX,XNAS,USD,Stocks,IDEXX Laboratories Inc.
NASDAQ,IEF,IEF,XNAS,USD,Etfs,iShare 7-10 Year Treasury Bond ETF
NASDAQ,IEP,IEP,XNAS,USD,Stocks,Icahn Enterprises LP
NASDAQ,IESC,IESC,XNAS,USD,Stocks,IES Holdings Inc.
NASDAQ,ILMN,ILMN,XNAS,USD,Stocks,Illumina Inc.
NASDAQ,IMCR,IMCR,XNAS,USD,Stocks,Immunocore Holdings PLC
NASDAQ,INCY,INCY,XNAS,USD,Stocks,Incyte Corporation
NASDAQ,INDB,INDB,XNAS,USD,Stocks,Independent Bank Corp (Massachusetts)
NASDAQ,INMD,INMD,XNAS,USD,Stocks,Inmode Ltd.
NASDAQ,INOD,INOD,XNAS,USD,Stocks,Innodata Inc
NASDAQ,INTC,INTC,XNAS,USD,Stocks,Intel Corp.
NASDAQ,INTR,INTR,XNAS,USD,Stocks,Inter & Co Inc.
NASDAQ,INTU,INTU,XNAS,USD,Stocks,Intuit Inc.
NASDAQ,IONS,IONS,XNAS,USD,Stocks,Ionis Pharmaceuticals Inc.
NASDAQ,IOSP,IOSP,XNAS,USD,Stocks,Innospec Inc.
NASDAQ,IPAR,IPAR,XNAS,USD,Stocks,"Inter Parfums, Inc."
NASDAQ,IPGP,IPGP,XNAS,USD,Stocks,IPG Photonics Corporation
NASDAQ,IRDM,IRDM,XNAS,USD,Stocks,Iridium Communications Inc
NASDAQ,IREN,IREN,XNAS,USD,Stocks,IREN Limited
NASDAQ,ISRG,ISRG,XNAS,USD,Stocks,Intuitive Surgical Inc.
NASDAQ,JAZZ,JAZZ,XNAS,USD,Stocks,Jazz Pharmaceuticals
NASDAQ,JBHT,JBHT,XNAS,USD,Stocks,J B Hunt Transport Services Inc
NASDAQ,JBLU,JBLU,XNAS,USD,Stocks,JetBlue Airways Corporation
NASDAQ,JD,JD,XNAS,USD,Stocks,JD.Com Inc.
NASDAQ,JEPQ,JEPQ,XNAS,USD,Etfs,JPMorgan Nasdaq Equity Premium Income ETF
NASDAQ,JJSF,JJSF,XNAS,USD,Stocks,J & J Snack Foods Corp.
NASDAQ,JKHY,JKHY,XNAS,USD,Stocks,Jack Henry & Associates Inc.
NASDAQ,KALU,KALU,XNAS,USD,Stocks,Kaiser Aluminum Corp.
NASDAQ,KDP,KDP,XNAS,USD,Stocks,Keurig Dr Pepper Inc
NASDAQ,KLAC,KLAC,XNAS,USD,Stocks,KLA-Tencor Corp.
NASDAQ,KMB,KMB,XNAS,USD,Stocks,Kimberly-Clark Corp.
NASDAQ,KRYS,KRYS,XNAS,USD,Stocks,Krystal Biotech Inc.
NASDAQ,KTOS,KTOS,XNAS,USD,Stocks,Kratos Defense & Security Solutions Inc.
NASDAQ,LAMR,LAMR,XNAS,USD,Stocks,Lamar Advertising Co
NASDAQ,LBTYA,LBTYA,XNAS,USD,Stocks,Liberty Global PLC
NASDAQ,LCID,LCID,XNAS,USD,Stocks,Lucid Group Inc.
NASDAQ,LECO,LECO,XNAS,USD,Stocks,Lincoln Electric Holdings Inc.
NASDAQ,LEGN,LEGN,XNAS,USD,Stocks,Legend Biotech Corp
NASDAQ,LFUS,LFUS,XNAS,USD,Stocks,Littelfuse Inc
NASDAQ,LGN,LGN,XNAS,USD,Stocks,Legence Corp.
NASDAQ,LGND,LGND,XNAS,USD,Stocks,Ligand Pharmaceuticals Inc.
NASDAQ,LI,LI,XNAS,USD,Stocks,Li Auto Inc.
NASDAQ,LIN,LIN,XNAS,USD,Stocks,Linde PLC
NASDAQ,LINE,LINE,XNAS,USD,Stocks,"Lineage, Inc."
NASDAQ,LITE,LITE,XNAS,USD,Stocks,Lumentum Holdings Inc.
NASDAQ,LIVN,LIVN,XNAS,USD,Stocks,LivaNova PLC
NASDAQ,LKQ,LKQ,XNAS,USD,Stocks,LKQ Corporation
NASDAQ,LNT,LNT,XNAS,USD,Stocks,Alliant Energy Corp.
NASDAQ,LNTH,LNTH,XNAS,USD,Stocks,Lantheus Holdings Inc.
NASDAQ,LOGI,LOGI,XNAS,USD,Stocks,Logitech International S.A.
NASDAQ,LOPE,LOPE,XNAS,USD,Stocks,Grand Canyon Education Inc.
NASDAQ,LPLA,LPLA,XNAS,USD,Stocks,LPL Financial Holdings Inc
NASDAQ,LRCX,LRCX,XNAS,USD,Stocks,Lam Research Corp.
NASDAQ,LSCC,LSCC,XNAS,USD,Stocks,Lattice Semiconductor Corp.
NASDAQ,LSTR,LSTR,XNAS,USD,Stocks,Landstar System Inc.
NASDAQ,LULU,LULU,XNAS,USD,Stocks,Lululemon Athletica Inc.
NASDAQ,LUNR,LUNR,XNAS,USD,Stocks,Intuitive Machines Inc
NASDAQ,LYFT,LYFT,XNAS,USD,Stocks,LYFT Inc.
NASDAQ,MANH,MANH,XNAS,USD,Stocks,Manhattan Associates Inc
NASDAQ,MAR,MAR,XNAS,USD,Stocks,Marriott International Inc.
NASDAQ,MARA,MARA,XNAS,USD,Stocks,Marathon Digital Holdings Inc.
NASDAQ,MAT,MAT,XNAS,USD,Stocks,Mattel Inc.
NASDAQ,MBLY,MBLY,XNAS,USD,Stocks,Mobileye Global Inc
NASDAQ,MCHI,MCHI,XNAS,USD,Etfs,iShares MSCI China ETF
NASDAQ,MCHP,MCHP,XNAS,USD,Stocks,Microchip Technology Inc.
NASDAQ,MCRI,MCRI,XNAS,USD,Stocks,Monarch Casino & Resort Inc
NASDAQ,MDB,MDB,XNAS,USD,Stocks,Mongodb Inc.
NASDAQ,MDGL,MDGL,XNAS,USD,Stocks,Madrigal Pharmaceuticals Inc.
NASDAQ,MDLN,MDLN,XNAS,USD,Stocks,Medline Inc.
NASDAQ,MDLZ,MDLZ,XNAS,USD,Stocks,Mondelez International Inc.
NASDAQ,MEDP,MEDP,XNAS,USD,Stocks,Medpace Holdings Inc
NASDAQ,MELI,MELI,XNAS,USD,Stocks,MercadoLibre Inc.
NASDAQ,META,META,XNAS,USD,Stocks,Meta Platforms Inc.
NASDAQ,MGNI,MGNI,XNAS,USD,Stocks,Magnite Inc
NASDAQ,MGPI,MGPI,XNAS,USD,Stocks,MGP Ingredients Inc.
NASDAQ,MIDD,MIDD,XNAS,USD,Stocks,The Middleby Corp.
NASDAQ,MKSI,MKSI,XNAS,USD,Stocks,MKS Instruments Inc.
NASDAQ,MLAB,MLAB,XNAS,USD,Stocks,Mesa Laboratories Inc.
NASDAQ,MMED,MMED,XNAS,USD,Stocks,"MiniMed Group, Inc."
NASDAQ,MMSI,MMSI,XNAS,USD,Stocks,Merit Medical Systems Inc
NASDAQ,MNST,MNST,XNAS,USD,Stocks,Monster Beverage Corp.
NASDAQ,MORN,MORN,XNAS,USD,Stocks,Morningstar Inc.
NASDAQ,MPWR,MPWR,XNAS,USD,Stocks,Monolithic Power Systems Inc.
NASDAQ,MQ,MQ,XNAS,USD,Stocks,Marqeta Inc.
NASDAQ,MRCY,MRCY,XNAS,USD,Stocks,"Mercury Systems, Inc."
NASDAQ,MRNA,MRNA,XNAS,USD,Stocks,Moderna Inc.
NASDAQ,MRVL,MRVL,XNAS,USD,Stocks,Marvell Technology Group Ltd.
NASDAQ,MRX,MRX,XNAS,USD,Stocks,Marex Group PLC
NASDAQ,MSFT,MSFT,XNAS,USD,Stocks,Microsoft Corp.
NASDAQ,MSTR,MSTR,XNAS,USD,Stocks,MicroStrategy Incorporated
NASDAQ,MTCH,MTCH,XNAS,USD,Stocks,Match Group Inc.
NASDAQ,MTSI,MTSI,XNAS,USD,Stocks,MACOM Technology Solutions Holdings Inc.
NASDAQ,MU,MU,XNAS,USD,Stocks,Micron Technology Inc.
NASDAQ,MXL,MXL,XNAS,USD,Stocks,Maxlinear Inc.
NASDAQ,MYRG,MYRG,XNAS,USD,Stocks,MYR Group Inc.
NASDAQ,MZTI,MZTI,XNAS,USD,Stocks,Marzetti Co
NASDAQ,NAVN,NAVN,XNAS,USD,Stocks,"Navan, Inc."
NASDAQ,NBIS,NBIS,XNAS,USD,Stocks,Nebius Group N.V.
NASDAQ,NBIX,NBIX,XNAS,USD,Stocks,Neurocrine Biosciences Inc.
NASDAQ,NCNO,NCNO,XNAS,USD,Stocks,nCino Inc.
NASDAQ,NDAQ,NDAQ,XNAS,USD,Stocks,Nasdaq Inc.
NASDAQ,NDSN,NDSN,XNAS,USD,Stocks,Nordson Corp.
NASDAQ,NEO,NEO,XNAS,USD,Stocks,"NeoGenomics, Inc."
NASDAQ,NEOG,NEOG,XNAS,USD,Stocks,Neogen Corporation
NASDAQ,NFE,NFE,XNAS,USD,Stocks,New Fortress Energy Inc.
NASDAQ,NFLX,NFLX,XNAS,USD,Stocks,Netflix Inc.
NASDAQ,NICE,NICE,XNAS,USD,Stocks,NICE Ltd.
NASDAQ,NNE,NNE,XNAS,USD,Stocks,Nano Nuclear Energy Inc
NASDAQ,NOVT,NOVT,XNAS,USD,Stocks,Novanta Inc
NASDAQ,NRDS,NRDS,XNAS,USD,Stocks,Nerdwallet Inc
NASDAQ,NSIT,NSIT,XNAS,USD,Stocks,Insight Enterprises Inc.
NASDAQ,NTAP,NTAP,XNAS,USD,Stocks,NetApp Inc.
NASDAQ,NTES,NTES,XNAS,USD,Stocks,NetEase Inc.
NASDAQ,NTLA,NTLA,XNAS,USD,Stocks,Intellia Therapeutics Inc.
NASDAQ,NTNX,NTNX,XNAS,USD,Stocks,Nutanix Inc.
NASDAQ,NTRA,NTRA,XNAS,USD,Stocks,Natera Inc.
NASDAQ,NTRS,NTRS,XNAS,USD,Stocks,Northern Trust Corp.
NASDAQ,NVAX,NVAX,XNAS,USD,Stocks,Novavax Inc.
NASDAQ,NVCR,NVCR,XNAS,USD,Stocks,Novocure Ltd
NASDAQ,NVDA,NVDA,XNAS,USD,Stocks,NVIDIA Corp.
NASDAQ,NVMI,NVMI,XNAS,USD,Stocks,Nova Ltd.
NASDAQ,NVTS,NVTS,XNAS,USD,Stocks,Navitas Semiconductor Corporation
NASDAQ,NWE,NWE,XNAS,USD,Stocks,NorthWestern Corp.
NASDAQ,NWL,NWL,XNAS,USD,Stocks,Newell Brands Inc
NASDAQ,NWSA,NWSA,XNAS,USD,Stocks,News Corp
NASDAQ,NXPI,NXPI,XNAS,USD,Stocks,NXP Semiconductors N.V.
NASDAQ,NXST,NXST,XNAS,USD,Stocks,Nexstar Media Group Inc.
NASDAQ,NXT,NXT,XNAS,USD,Stocks,Nextpower Inc
NASDAQ,ODFL,ODFL,XNAS,USD,Stocks,Old Dominion Freight Line Inc.
NASDAQ,OKTA,OKTA,XNAS,USD,Stocks,Okta Inc
NASDAQ,OLED,OLED,XNAS,USD,Stocks,Universal Display Corporation
NASDAQ,OLLI,OLLI,XNAS,USD,Stocks,Ollie's Bargain Outlet Holdings Inc.
NASDAQ,OMAB,OMAB,XNAS,USD,Stocks,Grupo Aeroportuario del Centro Norte S.A.B. de C.V.
NASDAQ,ON,ON,XNAS,USD,Stocks,ON Semiconductor Corp
NASDAQ,ONB,ONB,XNAS,USD,Stocks,Old National Bancorp
NASDAQ,ONC,ONC,XNAS,USD,Stocks,BeOne Medicines Ltd.
NASDAQ,ONDS,ONDS,XNAS,USD,Stocks,Ondas Inc
NASDAQ,OPCH,OPCH,XNAS,USD,Stocks,Option Care Health Inc.
NASDAQ,ORLY,ORLY,XNAS,USD,Stocks,O'Reilly Automotive Inc.
NASDAQ,OUST,OUST,XNAS,USD,Stocks,Ouster Inc.
NASDAQ,PAA,PAA,XNAS,USD,Stocks,"Plains All American Pipeline, L.P."
NASDAQ,PANW,PANW,XNAS,USD,Stocks,Palo Alto Networks Inc
NASDAQ,PAYX,PAYX,XNAS,USD,Stocks,Paychex Inc.
NASDAQ,PCAR,PCAR,XNAS,USD,Stocks,Paccar Inc.
NASDAQ,PCTY,PCTY,XNAS,USD,Stocks,Paylocity Holding Corporation
NASDAQ,PCVX,PCVX,XNAS,USD,Stocks,Vaxcyte Inc.
NASDAQ,PDD,PDD,XNAS,USD,Stocks,PDD Holdings Inc.
NASDAQ,PECO,PECO,XNAS,USD,Stocks,Phillips Edison & Co Inc.
NASDAQ,PEGA,PEGA,XNAS,USD,Stocks,Pegasystems Inc.
NASDAQ,PENG,PENG,XNAS,USD,Stocks,Penguin Solutions Inc
NASDAQ,PENN,PENN,XNAS,USD,Stocks,PENN Entertainment Inc.
NASDAQ,PEP,PEP,XNAS,USD,Stocks,PepsiCo Inc.
NASDAQ,PFG,PFG,XNAS,USD,Stocks,Principal Financial Group Inc.
NASDAQ,PGNY,PGNY,XNAS,USD,Stocks,Progyny Inc
NASDAQ,PI,PI,XNAS,USD,Stocks,Impinj Inc.
NASDAQ,PICS,PICS,XNAS,USD,Stocks,PicS N.V.
NASDAQ,PLAB,PLAB,XNAS,USD,Stocks,Photronics Inc.
NASDAQ,PLAY,PLAY,XNAS,USD,Stocks,Dave & Buster's Entertainment Inc.
NASDAQ,PLTR,PLTR,XNAS,USD,Stocks,Palantir Technologies Inc.
NASDAQ,PLUG,PLUG,XNAS,USD,Stocks,Plug Power Inc.
NASDAQ,PLXS,PLXS,XNAS,USD,Stocks,Plexus Corp.
NASDAQ,PODD,PODD,XNAS,USD,Stocks,Insulet Corporation
NASDAQ,POOL,POOL,XNAS,USD,Stocks,Pool Corporation
NASDAQ,POWI,POWI,XNAS,USD,Stocks,"Power Integrations, Inc."
NASDAQ,POWL,POWL,XNAS,USD,Stocks,"Powell Industries, Inc."
NASDAQ,PPC,PPC,XNAS,USD,Stocks,Pilgrim's Pride Corporation
NASDAQ,PPLI,PPLI,XNAS,USD,Stocks,IAC Inc.
NASDAQ,PSIX,PSIX,XNAS,USD,Stocks,Power Solutions International Inc
NASDAQ,PSKY,PSKY,XNAS,USD,Stocks,Paramount Skydance Corp
NASDAQ,PSMT,PSMT,XNAS,USD,Stocks,PriceSmart Inc.
NASDAQ,PTC,PTC,XNAS,USD,Stocks,PTC Inc.
NASDAQ,PTEN,PTEN,XNAS,USD,Stocks,Patterson-UTI Energy Inc.
NASDAQ,PTON,PTON,XNAS,USD,Stocks,Peloton Interactive Inc.
NASDAQ,PYPL,PYPL,XNAS,USD,Stocks,PayPal Holdings Inc.
NASDAQ,PZZA,PZZA,XNAS,USD,Stocks,Papa John's International Inc.
NASDAQ,QBTS,QBTS,XNAS,USD,Stocks,D-Wave Quantum Inc
NASDAQ,QCOM,QCOM,XNAS,USD,Stocks,Qualcomm Inc.
NASDAQ,QFIN,QFIN,XNAS,USD,Stocks,Qifu Technology Inc.
NASDAQ,QLYS,QLYS,XNAS,USD,Stocks,Qualys Inc
NASDAQ,QNT,QNT,XNAS,USD,Stocks,Quantinuum Inc.
NASDAQ,QQQ,QQQ,XNAS,USD,Etfs,Invesco QQQ
NASDAQ,QRVO,QRVO,XNAS,USD,Stocks,Qorvo Inc
NASDAQ,QS,QS,XNAS,USD,Stocks,Quantumscape Corp
NASDAQ,QUBT,QUBT,XNAS,USD,Stocks,Quantum Computing Inc
NASDAQ,RCAT,RCAT,XNAS,USD,Stocks,"Red Cat Holdings, Inc."
NASDAQ,REG,REG,XNAS,USD,Stocks,Regency Centers Corp.
NASDAQ,REGN,REGN,XNAS,USD,Stocks,Regeneron Pharmaceuticals Inc.
NASDAQ,REYN,REYN,XNAS,USD,Stocks,Reynolds Consumer Products Inc
NASDAQ,RGEN,RGEN,XNAS,USD,Stocks,Repligen Corporation
NASDAQ,RGLD,RGLD,XNAS,USD,Stocks,Royal Gold Inc
NASDAQ,RGTI,RGTI,XNAS,USD,Stocks,Rigetti Computing Inc
NASDAQ,RIOT,RIOT,XNAS,USD,Stocks,Riot Platforms Inc.
NASDAQ,RIVN,RIVN,XNAS,USD,Stocks,Rivian Automotive Inc.
NASDAQ,RKLB,RKLB,XNAS,USD,Stocks,Rocket Lab USA Inc.
NASDAQ,RMBS,RMBS,XNAS,USD,Stocks,Rambus Inc.
NASDAQ,ROBT,ROBT,XNAS,USD,Etfs,First Trust Nasdaq AI and Robotics ETF
NASDAQ,ROCK,ROCK,XNAS,USD,Stocks,Gibraltar Industries Inc.
NASDAQ,ROKU,ROKU,XNAS,USD,Stocks,Roku Inc.
NASDAQ,ROP,ROP,XNAS,USD,Stocks,Roper Technologies Inc.
NASDAQ,ROST,ROST,XNAS,USD,Stocks,Ross Stores Inc.
NASDAQ,RPRX,RPRX,XNAS,USD,Stocks,Royalty Pharma plc.
NASDAQ,RRR,RRR,XNAS,USD,Stocks,Red Rock Resorts Inc.
NASDAQ,RUM,RUM,XNAS,USD,Stocks,RUM Group Inc.
NASDAQ,RUN,RUN,XNAS,USD,Stocks,Sunrun Inc.
NASDAQ,RVMD,RVMD,XNAS,USD,Stocks,Revolution Medicines Inc.
NASDAQ,RXRX,RXRX,XNAS,USD,Stocks,Recursion Pharmaceuticals Inc
NASDAQ,SAIA,SAIA,XNAS,USD,Stocks,Saia Inc.
NASDAQ,SAIC,SAIC,XNAS,USD,Stocks,Science Applications International Corp
NASDAQ,SAIL,SAIL,XNAS,USD,Stocks,Sailpoint Inc
NASDAQ,SANM,SANM,XNAS,USD,Stocks,Sanmina Corp.
NASDAQ,SBAC,SBAC,XNAS,USD,Stocks,SBA Communications Corporation
NASDAQ,SBUX,SBUX,XNAS,USD,Stocks,Starbucks Corp.
NASDAQ,SEDG,SEDG,XNAS,USD,Stocks,SolarEdge Technologies Inc.
NASDAQ,SERV,SERV,XNAS,USD,Stocks,Serve Robotics Inc.
NASDAQ,SEZL,SEZL,XNAS,USD,Stocks,Sezzle Inc
NASDAQ,SFD,SFD,XNAS,USD,Stocks,Smithfield Foods Inc.
NASDAQ,SFM,SFM,XNAS,USD,Stocks,Sprouts Farmers Market Inc.
NASDAQ,SGRY,SGRY,XNAS,USD,Stocks,"Surgery Partners, Inc."
NASDAQ,SHLS,SHLS,XNAS,USD,Stocks,Shoals Technologies Group Inc.
NASDAQ,SHOO,SHOO,XNAS,USD,Stocks,Steven Madden Ltd.
NASDAQ,SHOP,SHOP,XNAS,USD,Stocks,Shopify Inc.
NASDAQ,SHY,SHY,XNAS,USD,Etfs,iShare 1-3 Year Treasury Bond ETF
NASDAQ,SIGI,SIGI,XNAS,USD,Stocks,Selective Insurance Group Inc
NASDAQ,SIRI,SIRI,XNAS,USD,Stocks,Sirius XM Holdings Inc.
NASDAQ,SITM,SITM,XNAS,USD,Stocks,SiTime Corporation
NASDAQ,SKHY,SKHY,XNAS,USD,Stocks,SK hynix Inc.
NASDAQ,SLAB,SLAB,XNAS,USD,Stocks,Silicon Laboratories Inc.
NASDAQ,SLM,SLM,XNAS,USD,Stocks,SLM Corp.
NASDAQ,SMCI,SMCI,XNAS,USD,Stocks,Super Micro Computer Inc.
NASDAQ,SMH,SMH,XNAS,USD,Etfs,VanEck Semiconductor ETF
NASDAQ,SMPL,SMPL,XNAS,USD,Stocks,Simply Good Foods Co.
NASDAQ,SMTC,SMTC,XNAS,USD,Stocks,Semtech Corporation
NASDAQ,SNDK,SNDK,XNAS,USD,Stocks,SanDisk Corp
NASDAQ,SNEX,SNEX,XNAS,USD,Stocks,Stonex Group Inc.
NASDAQ,SNPS,SNPS,XNAS,USD,Stocks,Synopsys Inc.
NASDAQ,SOFI,SOFI,XNAS,USD,Stocks,SoFi Technologies Inc
NASDAQ,SOLS,SOLS,XNAS,USD,Stocks,"Solstice Advanced Materials, Inc."
NASDAQ,SONO,SONO,XNAS,USD,Stocks,Sonos Inc.
NASDAQ,SOUN,SOUN,XNAS,USD,Stocks,"SoundHound AI, Inc."
NASDAQ,SPCX,SPCX,XNAS,USD,Stocks,Space Exploration Technologies Corp.
NASDAQ,SPSC,SPSC,XNAS,USD,Stocks,"SPS Commerce, Inc."
NASDAQ,SPT,SPT,XNAS,USD,Stocks,Sprout Social Inc.
NASDAQ,SRAD,SRAD,XNAS,USD,Stocks,Sportradar Group AG
NASDAQ,SRPT,SRPT,XNAS,USD,Stocks,Sarepta Therapeutics Inc
NASDAQ,SSNC,SSNC,XNAS,USD,Stocks,SS&C Technologies Holdings Inc.
NASDAQ,STAA,STAA,XNAS,USD,Stocks,STAAR Surgical Company
NASDAQ,STEP,STEP,XNAS,USD,Stocks,Stepstone Group Inc.
NASDAQ,STLD,STLD,XNAS,USD,Stocks,Steel Dynamics Inc.
NASDAQ,STNE,STNE,XNAS,USD,Stocks,StoneCo Ltd.
NASDAQ,STRL,STRL,XNAS,USD,Stocks,Sterling Infrastructure Inc
NASDAQ,STX,STX,XNAS,USD,Stocks,Seagate Technology PLC
NASDAQ,SWKS,SWKS,XNAS,USD,Stocks,Skyworks Solutions Inc.
NASDAQ,SYM,SYM,XNAS,USD,Stocks,Symbotic Inc
NASDAQ,SYNA,SYNA,XNAS,USD,Stocks,"Synaptics, Incorporated"
NASDAQ,TCOM,TCOM,XNAS,USD,Stocks,Trip.com Group Ltd.
NASDAQ,TEAM,TEAM,XNAS,USD,Stocks,Atlassian Corporation PLC
NASDAQ,TECH,TECH,XNAS,USD,Stocks,BIO-TECHNE Corp.
NASDAQ,TEM,TEM,XNAS,USD,Stocks,Tempus AI Inc.
NASDAQ,TENB,TENB,XNAS,USD,Stocks,Tenable Holdings Inc
NASDAQ,TER,TER,XNAS,USD,Stocks,Teradyne Inc.
NASDAQ,TFSL,TFSL,XNAS,USD,Stocks,TFS Financial Corporation
NASDAQ,TGTX,TGTX,XNAS,USD,Stocks,"TG Therapeutics, Inc."
NASDAQ,TIGO,TIGO,XNAS,USD,Stocks,Millicom International Cellular S.A.
NASDAQ,TLN,TLN,XNAS,USD,Stocks,Talen Energy Corp
NASDAQ,TLT,TLT,XNAS,USD,Etfs,iShare 20+ Year Treasury Bond ETF
NASDAQ,TMDX,TMDX,XNAS,USD,Stocks,TransMedics Group Inc.
NASDAQ,TMUS,TMUS,XNAS,USD,Stocks,T-Mobile US Inc.
NASDAQ,TPG,TPG,XNAS,USD,Stocks,TPG Inc.
NASDAQ,TRI,TRI,XNAS,USD,Stocks,Thomson Reuters Corp
NASDAQ,TRIP,TRIP,XNAS,USD,Stocks,TripAdvisor Inc.
NASDAQ,TRMB,TRMB,XNAS,USD,Stocks,Trimble Inc.
NASDAQ,TROW,TROW,XNAS,USD,Stocks,T Rowe Price Group Inc.
NASDAQ,TRUP,TRUP,XNAS,USD,Stocks,Trupanion Inc.
NASDAQ,TSCO,TSCO,XNAS,USD,Stocks,Tractor Supply Co
NASDAQ,TSEM,TSEM,XNAS,USD,Stocks,Tower Semiconductor Ltd.
NASDAQ,TSLA,TSLA,XNAS,USD,Stocks,Tesla Inc.
NASDAQ,TTAN,TTAN,XNAS,USD,Stocks,ServiceTitan Inc
NASDAQ,TTD,TTD,XNAS,USD,Stocks,Trade Desk Inc.
NASDAQ,TTEK,TTEK,XNAS,USD,Stocks,Tetra Tech Inc.
NASDAQ,TTMI,TTMI,XNAS,USD,Stocks,TTM Technologies Inc
NASDAQ,TTWO,TTWO,XNAS,USD,Stocks,Take-Two Interactive Software Inc.
NASDAQ,TUR,TUR,XNAS,USD,Etfs,iShares MSCI Turkey ETF
NASDAQ,TW,TW,XNAS,USD,Stocks,Tradeweb Markets Inc.
NASDAQ,TWST,TWST,XNAS,USD,Stocks,Twist Bioscience Corp.
NASDAQ,TXG,TXG,XNAS,USD,Stocks,10X Genomics Inc.
NASDAQ,TXN,TXN,XNAS,USD,Stocks,Texas Instruments Inc.
NASDAQ,TXRH,TXRH,XNAS,USD,Stocks,Texas Roadhouse Inc.
NASDAQ,UAE,UAE,XNAS,USD,Etfs,iShares MSCI UAE ETF
NASDAQ,UAL,UAL,XNAS,USD,Stocks,United Airlines Holdings Inc.
NASDAQ,UFPI,UFPI,XNAS,USD,Stocks,UFP Industries Inc.
NASDAQ,ULCC,ULCC,XNAS,USD,Stocks,Frontier Group Holdings Inc.
NASDAQ,ULTA,ULTA,XNAS,USD,Stocks,Ulta Beauty Inc.
NASDAQ,UPST,UPST,XNAS,USD,Stocks,Upstart Holdings Inc.
NASDAQ,UPWK,UPWK,XNAS,USD,Stocks,Upwork Inc
NASDAQ,URBN,URBN,XNAS,USD,Stocks,Urban Outfitters Inc.
NASDAQ,USAR,USAR,XNAS,USD,Stocks,USA Rare Earth Inc
NASDAQ,UTHR,UTHR,XNAS,USD,Stocks,United Therapeutics Corporation
NASDAQ,VC,VC,XNAS,USD,Stocks,Visteon Corp.
NASDAQ,VCIT,VCIT,XNAS,USD,Etfs,Vanguard Intermediate-Term Corporate Bond Index
NASDAQ,VFS,VFS,XNAS,USD,Stocks,VinFast Auto ltd
NASDAQ,VIAV,VIAV,XNAS,USD,Stocks,Viavi Solutions Inc.
NASDAQ,VICR,VICR,XNAS,USD,Stocks,Vicor Corp.
NASDAQ,VIR,VIR,XNAS,USD,Stocks,Vir Biotechnology Inc.
NASDAQ,VKTX,VKTX,XNAS,USD,Stocks,Viking Therapeutics Inc.
NASDAQ,VLY,VLY,XNAS,USD,Stocks,Valley National Bancorp
NASDAQ,VNOM,VNOM,XNAS,USD,Stocks,Viper Energy Partners LP
NASDAQ,VOD,VOD,XNAS,USD,Stocks,Vodafone Group plc.
NASDAQ,VRSK,VRSK,XNAS,USD,Stocks,Verisk Analytics Inc.
NASDAQ,VRSN,VRSN,XNAS,USD,Stocks,Verisign Inc.
NASDAQ,VRTX,VRTX,XNAS,USD,Stocks,Vertex Pharmaceuticals Incorporated
NASDAQ,VSAT,VSAT,XNAS,USD,Stocks,Viasat Inc.
NASDAQ,VTRS,VTRS,XNAS,USD,Stocks,Viatris Inc.
NASDAQ,WB,WB,XNAS,USD,Stocks,Weibo Corp.
NASDAQ,WBD,WBD,XNAS,USD,Stocks,Warner Bros. Discovery Inc.
NASDAQ,WDAY,WDAY,XNAS,USD,Stocks,Workday Inc.
NASDAQ,WDC,WDC,XNAS,USD,Stocks,Western Digital Corp
NASDAQ,WDFC,WDFC,XNAS,USD,Stocks,WD-40 Company
NASDAQ,WEN,WEN,XNAS,USD,Stocks,Wendys Co.
NASDAQ,WERN,WERN,XNAS,USD,Stocks,Werner Enterprises Inc.
NASDAQ,WFRD,WFRD,XNAS,USD,Stocks,Weatherford International PLC
NASDAQ,WING,WING,XNAS,USD,Stocks,Wingstop Inc
NASDAQ,WIX,WIX,XNAS,USD,Stocks,Wix.com Ltd.
NASDAQ,WMG,WMG,XNAS,USD,Stocks,Warner Music Group Corp.
NASDAQ,WMT,WMT,XNAS,USD,Stocks,Walmart Inc.
NASDAQ,WOOD,WOOD,XNAS,USD,Etfs,iShares Global Timber & Forestry ETF
NASDAQ,WOOF,WOOF,XNAS,USD,Stocks,Petco Health and Wellness Company Inc.
NASDAQ,WRD,WRD,XNAS,USD,Stocks,WeRide Inc - ADR
NASDAQ,WSC,WSC,XNAS,USD,Stocks,WillScot Holdings Corporation
NASDAQ,WSFS,WSFS,XNAS,USD,Stocks,WSFS Financial Corporation
NASDAQ,WTFC,WTFC,XNAS,USD,Stocks,Wintrust Financial Corp.
NASDAQ,WTW,WTW,XNAS,USD,Stocks,Willis Towers Watson PLC
NASDAQ,WULF,WULF,XNAS,USD,Stocks,Terawulf Inc
NASDAQ,WWD,WWD,XNAS,USD,Stocks,Woodward Inc
NASDAQ,WYNN,WYNN,XNAS,USD,Stocks,Wynn Resorts Ltd.
NASDAQ,XE,XE,XNAS,USD,Stocks,"X-Energy, Inc."
NASDAQ,XEL,XEL,XNAS,USD,Stocks,Xcel Energy Inc.
NASDAQ,XP,XP,XNAS,USD,Stocks,XP Inc
NASDAQ,XPEL,XPEL,XNAS,USD,Stocks,Xpel Inc
NASDAQ,XRAY,XRAY,XNAS,USD,Stocks,Dentsply Sirona Inc.
NASDAQ,XRX,XRX,XNAS,USD,Stocks,Xerox Corp.
NASDAQ,ZBRA,ZBRA,XNAS,USD,Stocks,Zebra Technologies Corp.
NASDAQ,ZD,ZD,XNAS,USD,Stocks,Ziff Davis Inc.
NASDAQ,ZG,ZG,XNAS,USD,Stocks,Zillow Group Inc.
NASDAQ,ZION,ZION,XNAS,USD,Stocks,Zions Bancorp
NASDAQ,ZLAB,ZLAB,XNAS,USD,Stocks,Zai Lab Ltd.
NASDAQ,ZM,ZM,XNAS,USD,Stocks,Zoom Video Communications Inc.
NASDAQ,ZS,ZS,XNAS,USD,Stocks,Zscaler Inc.
NYSE,A,A,XNYS,USD,Stocks,Agilent Technologies Inc.
NYSE,AA,AA,XNYS,USD,Stocks,Alcoa Corp
NYSE,AAP,AAP,XNYS,USD,Stocks,Advance Auto Parts Inc.
NYSE,AB,AB,XNYS,USD,Stocks,AllianceBernstein Holding LP
NYSE,ABBV,ABBV,XNYS,USD,Stocks,AbbVie Inc.
NYSE,ABCB,ABCB,XNYS,USD,Stocks,Ameris Bancorp
NYSE,ABEV,ABEV,XNYS,USD,Stocks,Ambev SA
NYSE,ABG,ABG,XNYS,USD,Stocks,Asbury Automotive Group Inc.
NYSE,ABM,ABM,XNYS,USD,Stocks,ABM Industries Inc.
NYSE,ABT,ABT,XNYS,USD,Stocks,Abbott Laboratories
NYSE,ACA,ACA,XNYS,USD,Stocks,Arcosa Inc.
NYSE,ACHR,ACHR,XNYS,USD,Stocks,Archer Aviation Inc.
NYSE,ACI,ACI,XNYS,USD,Stocks,Albertsons Companies Inc.
NYSE,ACM,ACM,XNYS,USD,Stocks,AECOM
NYSE,ACN,ACN,XNYS,USD,Stocks,Accenture PLC
NYSE,ACVA,ACVA,XNYS,USD,Stocks,ACV Auctions Inc.
NYSE,ADM,ADM,XNYS,USD,Stocks,Archer Daniels Midland Company
NYSE,ADNT,ADNT,XNYS,USD,Stocks,Adient PLC
NYSE,ADT,ADT,XNYS,USD,Stocks,ADT Inc.
NYSE,AEE,AEE,XNYS,USD,Stocks,Ameren Corp.
NYSE,AEO,AEO,XNYS,USD,Stocks,American Eagle Outfitters Inc
NYSE,AER,AER,XNYS,USD,Stocks,AerCap Holdings N.V.
NYSE,AES,AES,XNYS,USD,Stocks,AES Corp.
NYSE,AFG,AFG,XNYS,USD,Stocks,American Financial Group Inc.
NYSE,AFL,AFL,XNYS,USD,Stocks,AFLAC Incorporated
NYSE,AGI,AGI,XNYS,USD,Stocks,Alamos Gold Inc.
NYSE,AGL,AGL,XNYS,USD,Stocks,Agilon Health Inc.
NYSE,AI,AI,XNYS,USD,Stocks,C3.ai Inc.
NYSE,AIG,AIG,XNYS,USD,Stocks,American International Group Inc.
NYSE,AIN,AIN,XNYS,USD,Stocks,Albany International Corp.
NYSE,AIT,AIT,XNYS,USD,Stocks,Applied Industrial Technologies Inc
NYSE,AIZ,AIZ,XNYS,USD,Stocks,Assurant Inc.
NYSE,AJG,AJG,XNYS,USD,Stocks,Arthur J. Gallagher & Co.
NYSE,ALB,ALB,XNYS,USD,Stocks,Albemarle Corp.
NYSE,ALC,ALC,XNYS,USD,Stocks,Alcon AG
NYSE,ALG,ALG,XNYS,USD,Stocks,Alamo Group Inc.
NYSE,ALIT,ALIT,XNYS,USD,Stocks,Alight Inc
NYSE,ALK,ALK,XNYS,USD,Stocks,Alaska Air Group Inc.
NYSE,ALL,ALL,XNYS,USD,Stocks,Allstate Corp.
NYSE,ALLE,ALLE,XNYS,USD,Stocks,Allegion PLC
NYSE,ALLY,ALLY,XNYS,USD,Stocks,Ally Financial Inc.
NYSE,ALSN,ALSN,XNYS,USD,Stocks,Allison Transmission Holdings Inc
NYSE,AM,AM,XNYS,USD,Stocks,Antero Midstream Corp.
NYSE,AMCR,AMCR,XNYS,USD,Stocks,Amcor PLC
NYSE,AME,AME,XNYS,USD,Stocks,AMETEK Inc.
NYSE,AMG,AMG,XNYS,USD,Stocks,Affiliated Managers Group Inc.
NYSE,AMH,AMH,XNYS,USD,Stocks,American Homes 4 Rent
NYSE,AMN,AMN,XNYS,USD,Stocks,"AMN Healthcare Services, Inc."
NYSE,AMP,AMP,XNYS,USD,Stocks,"Ameriprise Financial, Inc."
NYSE,AMPX,AMPX,XNYS,USD,Stocks,Amprius Technologies Inc
NYSE,AMR,AMR,XNYS,USD,Stocks,Alpha Metallurgical Resources Inc.
NYSE,AMRC,AMRC,XNYS,USD,Stocks,Ameresco Inc.
NYSE,AMRZ,AMRZ,XNYS,USD,Stocks,Amrize Ltd.
NYSE,AMT,AMT,XNYS,USD,Stocks,American Tower Corp.
NYSE,AMX,AMX,XNYS,USD,Stocks,"America Movil, S.A.B. de C.V."
NYSE,AN,AN,XNYS,USD,Stocks,AutoNation Inc
NYSE,ANET,ANET,XNYS,USD,Stocks,Arista Networks Inc.
NYSE,ANF,ANF,XNYS,USD,Stocks,Abercrombie & Fitch Co.
NYSE,AON,AON,XNYS,USD,Stocks,Aon PLC
NYSE,AOS,AOS,XNYS,USD,Stocks,A O Smith Corp.
NYSE,APD,APD,XNYS,USD,Stocks,Air Products & Chemicals Inc.
NYSE,APG,APG,XNYS,USD,Stocks,APi Group Corp
NYSE,APH,APH,XNYS,USD,Stocks,Amphenol Corporation
NYSE,APO,APO,XNYS,USD,Stocks,Apollo Global Management Inc.
NYSE,AR,AR,XNYS,USD,Stocks,Antero Resources Corp.
NYSE,ARE,ARE,XNYS,USD,Stocks,Alexandria Real Estate Equities Inc
NYSE,ARES,ARES,XNYS,USD,Stocks,Ares Management Corp
NYSE,ARGT,ARGT,XNYS,USD,Etfs,Global X MSCI Argentina ETF
NYSE,ARKK,ARKK,XNYS,USD,Etfs,ARK Innovation ETF
NYSE,ARMK,ARMK,XNYS,USD,Stocks,Aramark
NYSE,ARW,ARW,XNYS,USD,Stocks,Arrow Electronics Inc.
NYSE,ARX,ARX,XNYS,USD,Stocks,Accelerant Holdings
NYSE,ASAN,ASAN,XNYS,USD,Stocks,Asana Inc.
NYSE,ASB,ASB,XNYS,USD,Stocks,Associated Banc-Corp.
NYSE,ASH,ASH,XNYS,USD,Stocks,Ashland Inc
NYSE,ASR,ASR,XNYS,USD,Stocks,"Grupo Aeroportuario del Sureste, S.A.B. de C.V."
NYSE,ASX,ASX,XNYS,USD,Stocks,ASE Technology Holding Co Ltd.
NYSE,ATHM,ATHM,XNYS,USD,Stocks,Autohome Inc.
NYSE,ATI,ATI,XNYS,USD,Stocks,ATI Inc.
NYSE,ATKR,ATKR,XNYS,USD,Stocks,Atkore Inc
NYSE,ATO,ATO,XNYS,USD,Stocks,Atmos Energy Corporation
NYSE,ATR,ATR,XNYS,USD,Stocks,AptarGroup Inc.
NYSE,AU,AU,XNYS,USD,Stocks,AngloGold Ashanti Limited
NYSE,AVA,AVA,XNYS,USD,Stocks,Avista Corp.
NYSE,AVNT,AVNT,XNYS,USD,Stocks,Avient Corp.
NYSE,AVTR,AVTR,XNYS,USD,Stocks,Avantor Inc
NYSE,AVY,AVY,XNYS,USD,Stocks,Avery Dennison Corp.
NYSE,AWK,AWK,XNYS,USD,Stocks,American Water Works Co Inc.
NYSE,AWR,AWR,XNYS,USD,Stocks,American States Water Co
NYSE,AXP,AXP,XNYS,USD,Stocks,American Express Co
NYSE,AXTA,AXTA,XNYS,USD,Stocks,Axalta Coating Systems Ltd.
NYSE,AYI,AYI,XNYS,USD,Stocks,Acuity Brands Inc.
NYSE,AZN,AZN,XNYS,USD,Stocks,AstraZeneca PLC
NYSE,AZO,AZO,XNYS,USD,Stocks,Autozone Inc
NYSE,AZZ,AZZ,XNYS,USD,Stocks,AZZ Inc.
NYSE,B,B,XNYS,USD,Stocks,Barrick Mining Corporation
NYSE,BA,BA,XNYS,USD,Stocks,Boeing Co
NYSE,BABA,BABA,XNYS,USD,Stocks,Alibaba Group Holdings Ltd.
NYSE,BAC,BAC,XNYS,USD,Stocks,Bank of America Corp.
NYSE,BAH,BAH,XNYS,USD,Stocks,Booz Allen Hamilton Holding Corp.
NYSE,BAK,BAK,XNYS,USD,Stocks,Braskem SA
NYSE,BALL,BALL,XNYS,USD,Stocks,Ball Corp.
NYSE,BAM,BAM,XNYS,USD,Stocks,Brookfield Asset Management Ltd.
NYSE,BAP,BAP,XNYS,USD,Stocks,Credicorp Ltd.
NYSE,BAX,BAX,XNYS,USD,Stocks,Baxter International Inc.
NYSE,BB,BB,XNYS,USD,Stocks,BlackBerry Limited
NYSE,BBAI,BBAI,XNYS,USD,Stocks,BigBear.ai Holdings Inc.
NYSE,BBAR,BBAR,XNYS,USD,Stocks,Banco BBVA Argentina S.A.
NYSE,BBD,BBD,XNYS,USD,Stocks,Banco Bradesco SA
NYSE,BBVA,BBVA,XNYS,USD,Stocks,Banco Bilbao Vizcaya Argentaria SA
NYSE,BBWI,BBWI,XNYS,USD,Stocks,Bath & Body Works Inc
NYSE,BBY,BBY,XNYS,USD,Stocks,Best Buy Co Inc.
NYSE,BCC,BCC,XNYS,USD,Stocks,Boise Cascade Co.
NYSE,BCH,BCH,XNYS,USD,Stocks,Banco de Chile
NYSE,BCO,BCO,XNYS,USD,Stocks,Brink's Company
NYSE,BCS,BCS,XNYS,USD,Stocks,Barclays PLC
NYSE,BDC,BDC,XNYS,USD,Stocks,Belden Inc.
NYSE,BDX,BDX,XNYS,USD,Stocks,Becton Dickinson & Co.
NYSE,BE,BE,XNYS,USD,Stocks,Bloom Energy Corp.
NYSE,BEKE,BEKE,XNYS,USD,Stocks,KE Holdings Inc.
NYSE,BEN,BEN,XNYS,USD,Stocks,Franklin Templeton Inc.
NYSE,BF,BF,XNYS,USD,Stocks,Brown-Forman Corp.
NYSE,BFAM,BFAM,XNYS,USD,Stocks,Bright Horizons Family Solutions Inc
NYSE,BFH,BFH,XNYS,USD,Stocks,Bread Financial Holdings Inc.
NYSE,BG,BG,XNYS,USD,Stocks,Bunge Global SA
NYSE,BHC,BHC,XNYS,USD,Stocks,Bausch Health Companies Inc
NYSE,BHE,BHE,XNYS,USD,Stocks,"Benchmark Electronics, Inc."
NYSE,BHP,BHP,XNYS,USD,Stocks,BHP Group Ltd.
NYSE,BILL,BILL,XNYS,USD,Stocks,Bill.com Holdings Inc.
NYSE,BIO,BIO,XNYS,USD,Stocks,Bio-Rad Laboratories Inc.
NYSE,BJ,BJ,XNYS,USD,Stocks,BJ's Wholesale Club Holdings Inc.
NYSE,BKE,BKE,XNYS,USD,Stocks,The Buckle Inc.
NYSE,BKH,BKH,XNYS,USD,Stocks,Black Hills Corp
NYSE,BKU,BKU,XNYS,USD,Stocks,BankUnited Inc.
NYSE,BLCO,BLCO,XNYS,USD,Stocks,Bausch + Lomb Corp.
NYSE,BLDR,BLDR,XNYS,USD,Stocks,Builders FirstSource Inc.
NYSE,BLK,BLK,XNYS,USD,Stocks,BlackRock Inc.
NYSE,BMA,BMA,XNYS,USD,Stocks,Banco Macro SA
NYSE,BMI,BMI,XNYS,USD,Stocks,Badger Meter Inc.
NYSE,BMY,BMY,XNYS,USD,Stocks,Bristol-Myers Squibb Co
NYSE,BN,BN,XNYS,USD,Stocks,Brookfield Corporation
NYSE,BNL,BNL,XNYS,USD,Stocks,Broadstone Net Lease Inc.
NYSE,BNY,BNY,XNYS,USD,Stocks,Bank of New York Mellon Corp.
NYSE,BOH,BOH,XNYS,USD,Stocks,Bank of Hawaii Corp.
NYSE,BOIL,BOIL,XNYS,USD,Etfs,ProShares Ultra Bloomberg Natural Gas
NYSE,BOTZ,BOTZ,XNYS,USD,Etfs,Global X Robotics & Artificial Intelligence ETF
NYSE,BOX,BOX,XNYS,USD,Stocks,Box Inc.
NYSE,BP,BP,XNYS,USD,Stocks,BP PLC
NYSE,BR,BR,XNYS,USD,Stocks,"Broadridge Financial Solutions, Inc."
NYSE,BRBR,BRBR,XNYS,USD,Stocks,Bellring Brands Inc.
NYSE,BRK.B,BRK.B,XNYS,USD,Stocks,Berkshire Hathaway Inc.
NYSE,BRO,BRO,XNYS,USD,Stocks,"Brown & Brown, Inc."
NYSE,BROS,BROS,XNYS,USD,Stocks,Dutch Bros Inc
NYSE,BRSL,BRSL,XNYS,USD,Stocks,Brightstar Lottery PLC
NYSE,BSAC,BSAC,XNYS,USD,Stocks,Banco Santander-Chile
NYSE,BSBR,BSBR,XNYS,USD,Stocks,Banco Santander Brasil SA
NYSE,BSX,BSX,XNYS,USD,Stocks,Boston Scientific Corp.
NYSE,BTI,BTI,XNYS,USD,Stocks,British American Tobacco PLC
NYSE,BTU,BTU,XNYS,USD,Stocks,Peabody Energy Corporation
NYSE,BURL,BURL,XNYS,USD,Stocks,Burlington Stores Inc.
NYSE,BWA,BWA,XNYS,USD,Stocks,BorgWarner Inc
NYSE,BWXT,BWXT,XNYS,USD,Stocks,BWX Technologies Inc
NYSE,BX,BX,XNYS,USD,Stocks,Blackstone Inc
NYSE,BXP,BXP,XNYS,USD,Stocks,Boston Properties Inc.
NYSE,BYD,BYD,XNYS,USD,Stocks,Boyd Gaming Corporation
NYSE,C,C,XNYS,USD,Stocks,Citigroup Inc.
NYSE,CABO,CABO,XNYS,USD,Stocks,Cable One Inc.
NYSE,CACI,CACI,XNYS,USD,Stocks,CACI International Inc
NYSE,CAG,CAG,XNYS,USD,Stocks,ConAgra Foods Inc.
NYSE,CAH,CAH,XNYS,USD,Stocks,Cardinal Health Inc.
NYSE,CALX,CALX,XNYS,USD,Stocks,Calix Inc
NYSE,CALY,CALY,XNYS,USD,Stocks,Callway Golf Company
NYSE,CARR,CARR,XNYS,USD,Stocks,Carrier Global Corp.
NYSE,CAT,CAT,XNYS,USD,Stocks,Caterpillar Inc.
NYSE,CAVA,CAVA,XNYS,USD,Stocks,CAVA Group Inc
NYSE,CB,CB,XNYS,USD,Stocks,Chubb Limited
NYSE,CBRE,CBRE,XNYS,USD,Stocks,CBRE Group Inc.
NYSE,CBT,CBT,XNYS,USD,Stocks,Cabot Corp.
NYSE,CBU,CBU,XNYS,USD,Stocks,Community Bank System Inc.
NYSE,CC,CC,XNYS,USD,Stocks,Chemours Co.
NYSE,CCI,CCI,XNYS,USD,Stocks,Crown Castle Inc
NYSE,CCJ,CCJ,XNYS,USD,Stocks,Cameco Corp.
NYSE,CCK,CCK,XNYS,USD,Stocks,"Crown Holdings, Inc."
NYSE,CCL,CCL,XNYS,USD,Stocks,Carnival Corporation Ltd.
NYSE,CDE,CDE,XNYS,USD,Stocks,Coeur Mining Inc.
NYSE,CDP,CDP,XNYS,USD,Stocks,COPT Defense Properties
NYSE,CE,CE,XNYS,USD,Stocks,Celanese Corporation
NYSE,CEPU,CEPU,XNYS,USD,Stocks,Central Puerto S.A.
NYSE,CF,CF,XNYS,USD,Stocks,CF Industries Holdings Inc.
NYSE,CFG,CFG,XNYS,USD,Stocks,Citizens Financial Group Inc.
NYSE,CFR,CFR,XNYS,USD,Stocks,"Cullen/Frost Bankers, Inc."
NYSE,CHD,CHD,XNYS,USD,Stocks,Church & Dwight Co. Inc.
NYSE,CHE,CHE,XNYS,USD,Stocks,Chemed Corporation
NYSE,CHH,CHH,XNYS,USD,Stocks,Choice Hotels International Inc
NYSE,CHT,CHT,XNYS,USD,Stocks,Chunghwa Telecom Co. Ltd
NYSE,CHWY,CHWY,XNYS,USD,Stocks,Chewy Inc.
NYSE,CI,CI,XNYS,USD,Stocks,Cigna Corp.
NYSE,CIB,CIB,XNYS,USD,Stocks,Grupo Cibest S.A.
NYSE,CIEN,CIEN,XNYS,USD,Stocks,Ciena Corporation
NYSE,CIG,CIG,XNYS,USD,Stocks,Companhia Energética de Minas Gerais SA
NYSE,CL,CL,XNYS,USD,Stocks,Colgate-Palmolive Co
NYSE,CLF,CLF,XNYS,USD,Stocks,Cleveland-Cliffs Inc.
NYSE,CLH,CLH,XNYS,USD,Stocks,Clean Harbors Inc
NYSE,CLS,CLS,XNYS,USD,Stocks,Celestica Inc.
NYSE,CLVT,CLVT,XNYS,USD,Stocks,Clarivate PLC
NYSE,CLX,CLX,XNYS,USD,Stocks,Clorox Co
NYSE,CMBT,CMBT,XNYS,USD,Stocks,CMB.TECH NV
NYSE,CMC,CMC,XNYS,USD,Stocks,Commercial Metals Company
NYSE,CMG,CMG,XNYS,USD,Stocks,Chipotle Mexican Grill Inc.
NYSE,CMI,CMI,XNYS,USD,Stocks,Cummins Inc.
NYSE,CMS,CMS,XNYS,USD,Stocks,CMS Energy Corp.
NYSE,CNA,CNA,XNYS,USD,Stocks,CNA Financial Corp.
NYSE,CNC,CNC,XNYS,USD,Stocks,Centene Corp.
NYSE,CNM,CNM,XNYS,USD,Stocks,Core & Main Inc.
NYSE,CNP,CNP,XNYS,USD,Stocks,Centerpoint Energy Inc.
NYSE,CNS,CNS,XNYS,USD,Stocks,"Cohen & Steers, Inc."
NYSE,COF,COF,XNYS,USD,Stocks,Capital One Financial Corp.
NYSE,COHR,COHR,XNYS,USD,Stocks,Coherent Corp
NYSE,CON,CON,XNYS,USD,Stocks,Concentra Group Holdings Parent Inc
NYSE,COP,COP,XNYS,USD,Stocks,ConocoPhillips
NYSE,COPX,COPX,XNYS,USD,Etfs,Global X Copper Miners ETF
NYSE,COR,COR,XNYS,USD,Stocks,Cencora Inc
NYSE,COTY,COTY,XNYS,USD,Stocks,Coty Inc
NYSE,CP,CP,XNYS,USD,Stocks,Canadian Pacific Kansas City Ltd
NYSE,CPAY,CPAY,XNYS,USD,Stocks,Corpay Inc.
NYSE,CPNG,CPNG,XNYS,USD,Stocks,Coupang Inc
NYSE,CPRI,CPRI,XNYS,USD,Stocks,Capri Holdings Ltd
NYSE,CQP,CQP,XNYS,USD,Stocks,Cheniere Energy Partners LP
NYSE,CR,CR,XNYS,USD,Stocks,Crane Company
NYSE,CRC,CRC,XNYS,USD,Stocks,California Resources Corporation
NYSE,CRCL,CRCL,XNYS,USD,Stocks,Circle Internet Group
NYSE,CRH,CRH,XNYS,USD,Stocks,CRH PLC
NYSE,CRI,CRI,XNYS,USD,Stocks,"Carter's, Inc."
NYSE,CRK,CRK,XNYS,USD,Stocks,Comstock Resources Inc.
NYSE,CRL,CRL,XNYS,USD,Stocks,Charles River Laboratories Intl. Inc.
NYSE,CRM,CRM,XNYS,USD,Stocks,Salesforce.com Inc.
NYSE,CRS,CRS,XNYS,USD,Stocks,Carpenter Technology Corp
NYSE,CSAN,CSAN,XNYS,USD,Stocks,Cosan SA
NYSE,CSL,CSL,XNYS,USD,Stocks,Carlisle Companies Inc.
NYSE,CTVA,CTVA,XNYS,USD,Stocks,Corteva Inc.
NYSE,CUBE,CUBE,XNYS,USD,Stocks,CubeSmart
NYSE,CUZ,CUZ,XNYS,USD,Stocks,Cousins Properties Inc
NYSE,CVI,CVI,XNYS,USD,Stocks,CVR Energy Inc.
NYSE,CVNA,CVNA,XNYS,USD,Stocks,Carvana Co
NYSE,CVS,CVS,XNYS,USD,Stocks,CVS Health Corp.
NYSE,CVSA,CVSA,XNYS,USD,Stocks,Covista Inc
NYSE,CVX,CVX,XNYS,USD,Stocks,Chevron Corporation
NYSE,CW,CW,XNYS,USD,Stocks,Curtiss-Wright Corp.
NYSE,CWEN,CWEN,XNYS,USD,Stocks,Clearway Energy Inc
NYSE,CWT,CWT,XNYS,USD,Stocks,California Water Service Group
NYSE,CXM,CXM,XNYS,USD,Stocks,Sprinklr Inc.
NYSE,CXW,CXW,XNYS,USD,Stocks,Corecivic Inc.
NYSE,D,D,XNYS,USD,Stocks,Dominion Energy Inc.
NYSE,DAC,DAC,XNYS,USD,Stocks,Danaos Corporation
NYSE,DAL,DAL,XNYS,USD,Stocks,Delta Air Lines Inc.
NYSE,DAR,DAR,XNYS,USD,Stocks,Darling Ingredients Inc.
NYSE,DAVA,DAVA,XNYS,USD,Stocks,Endava PLC - ADR
NYSE,DCI,DCI,XNYS,USD,Stocks,Donaldson Company Inc
NYSE,DD,DD,XNYS,USD,Stocks,DuPont de Nemours Inc.
NYSE,DDS,DDS,XNYS,USD,Stocks,Dillard's Inc
NYSE,DE,DE,XNYS,USD,Stocks,Deere & Co
NYSE,DECK,DECK,XNYS,USD,Stocks,Deckers Outdoor Corp
NYSE,DEI,DEI,XNYS,USD,Stocks,Douglas Emmett Inc.
NYSE,DELL,DELL,XNYS,USD,Stocks,Dell Technologies Inc.
NYSE,DEO,DEO,XNYS,USD,Stocks,Diageo PLC
NYSE,DG,DG,XNYS,USD,Stocks,Dollar General Corporation
NYSE,DGX,DGX,XNYS,USD,Stocks,Quest Diagnostics Inc.
NYSE,DHI,DHI,XNYS,USD,Stocks,D R Horton Inc
NYSE,DHR,DHR,XNYS,USD,Stocks,Danaher Corp.
NYSE,DIA,DIA,XNYS,USD,Etfs,State Street SPDR Dow Jones Industrial Average ETF Trust
NYSE,DINO,DINO,XNYS,USD,Stocks,HF Sinclair Corp.
NYSE,DIS,DIS,XNYS,USD,Stocks,Walt Disney Company
NYSE,DKS,DKS,XNYS,USD,Stocks,DICK'S Sporting Goods Inc
NYSE,DLB,DLB,XNYS,USD,Stocks,Dolby Laboratories Inc
NYSE,DLR,DLR,XNYS,USD,Stocks,Digital Realty Trust Inc.
NYSE,DMC,DMC,XNYS,USD,Stocks,Del Monte Corp.
NYSE,DOCN,DOCN,XNYS,USD,Stocks,DigitalOcean Holdings Inc
NYSE,DOCS,DOCS,XNYS,USD,Stocks,Doximity Inc
NYSE,DOV,DOV,XNYS,USD,Stocks,Dover Corp.
NYSE,DOW,DOW,XNYS,USD,Stocks,Dow Inc
NYSE,DRI,DRI,XNYS,USD,Stocks,"Darden Restaurants, Inc."
NYSE,DT,DT,XNYS,USD,Stocks,"Dynatrace, Inc."
NYSE,DTE,DTE,XNYS,USD,Stocks,DTE Energy Co
NYSE,DTM,DTM,XNYS,USD,Stocks,DT Midstream Inc
NYSE,DUK,DUK,XNYS,USD,Stocks,Duke Energy Corp.
NYSE,DV,DV,XNYS,USD,Stocks,DoubleVerify Holdings Inc.
NYSE,DVA,DVA,XNYS,USD,Stocks,Davita Inc.
NYSE,DVN,DVN,XNYS,USD,Stocks,Devon Energy Corp.
NYSE,DY,DY,XNYS,USD,Stocks,Dycom Industries Inc.
NYSE,E,E,XNYS,USD,Stocks,Eni SpA
NYSE,EAT,EAT,XNYS,USD,Stocks,Brinker International Inc
NYSE,EC,EC,XNYS,USD,Stocks,Ecopetrol S.A.
NYSE,ECH,ECH,XNYS,USD,Etfs,iShares MSCI Chile ETF
NYSE,ECL,ECL,XNYS,USD,Stocks,Ecolab Inc.
NYSE,ED,ED,XNYS,USD,Stocks,Consolidated Edison Inc.
NYSE,EDU,EDU,XNYS,USD,Stocks,New Oriental Education & Technology Group Inc.
NYSE,EE,EE,XNYS,USD,Stocks,Excelerate Energy Inc.
NYSE,EEM,EEM,XNYS,USD,Etfs,iShares MSCI Emerging Markets ETF
NYSE,EFX,EFX,XNYS,USD,Stocks,Equifax Inc.
NYSE,EG,EG,XNYS,USD,Stocks,Everest Group Ltd.
NYSE,EGP,EGP,XNYS,USD,Stocks,Eastgroup Properties Inc
NYSE,EHC,EHC,XNYS,USD,Stocks,Encompass Health Corp
NYSE,EIX,EIX,XNYS,USD,Stocks,Edison International
NYSE,EL,EL,XNYS,USD,Stocks,Estee Lauder Companies Inc.
NYSE,ELAN,ELAN,XNYS,USD,Stocks,Elanco Animal Health Inc
NYSE,ELF,ELF,XNYS,USD,Stocks,e.l.f. Beauty Inc.
NYSE,ELS,ELS,XNYS,USD,Stocks,Equity LifeStyle Properties Inc.
NYSE,ELV,ELV,XNYS,USD,Stocks,Elevance Health Inc.
NYSE,EMBJ,EMBJ,XNYS,USD,Stocks,Embraer SA
NYSE,EME,EME,XNYS,USD,Stocks,Emcor Group Inc
NYSE,EMN,EMN,XNYS,USD,Stocks,Eastman Chemical Co.
NYSE,EMR,EMR,XNYS,USD,Stocks,Emerson Electric Co
NYSE,ENB,ENB,XNYS,USD,Stocks,Enbridge Inc.
NYSE,ENOV,ENOV,XNYS,USD,Stocks,Enovis Corp.
NYSE,ENS,ENS,XNYS,USD,Stocks,EnerSys
NYSE,EOG,EOG,XNYS,USD,Stocks,EOG Resources Inc.
NYSE,EPAM,EPAM,XNYS,USD,Stocks,EPAM Systems Inc.
NYSE,EPD,EPD,XNYS,USD,Stocks,Enterprise Products Partners LP
NYSE,EQNR,EQNR,XNYS,USD,Stocks,Equinor ASA
NYSE,EQT,EQT,XNYS,USD,Stocks,EQT Corporation
NYSE,ERO,ERO,XNYS,USD,Stocks,Ero Copper Corp.
NYSE,ES,ES,XNYS,USD,Stocks,Eversource Energy
NYSE,ESI,ESI,XNYS,USD,Stocks,Element Solutions Inc.
NYSE,ESNT,ESNT,XNYS,USD,Stocks,Essent Group Ltd
NYSE,ESTC,ESTC,XNYS,USD,Stocks,Elastic NV
NYSE,ET,ET,XNYS,USD,Stocks,Energy Transfer LP
NYSE,ETN,ETN,XNYS,USD,Stocks,Eaton Corporation PLC
NYSE,ETR,ETR,XNYS,USD,Stocks,Entergy Corp.
NYSE,ETSY,ETSY,XNYS,USD,Stocks,Etsy Inc.
NYSE,EVR,EVR,XNYS,USD,Stocks,Evercore Inc.
NYSE,EW,EW,XNYS,USD,Stocks,Edwards Lifesciences Corp.
NYSE,EWA,EWA,XNYS,USD,Etfs,iShares MSCI Australia ETF
NYSE,EWG,EWG,XNYS,USD,Etfs,iShares MSCI Germany ETF
NYSE,EWH,EWH,XNYS,USD,Etfs,iShares MSCI Hong Kong ETF
NYSE,EWJ,EWJ,XNYS,USD,Etfs,iShares MSCI Japan ETF
NYSE,EWP,EWP,XNYS,USD,Etfs,iShares MSCI Spain ETF
NYSE,EWQ,EWQ,XNYS,USD,Etfs,iShares MSCI France ETF
NYSE,EWT,EWT,XNYS,USD,Etfs,iShares MSCI Taiwan ETF
NYSE,EWU,EWU,XNYS,USD,Etfs,iShares MSCI United Kingdom ETF
NYSE,EWW,EWW,XNYS,USD,Etfs,iShares MSCI Mexico ETF
NYSE,EWY,EWY,XNYS,USD,Etfs,iShares MSCI South Korea ETF
NYSE,EWZ,EWZ,XNYS,USD,Etfs,iShares MSCI Brazil ETF
NYSE,EXP,EXP,XNYS,USD,Stocks,Eagle Materials Inc.
NYSE,EXPD,EXPD,XNYS,USD,Stocks,Expeditors International of Washington
NYSE,EXR,EXR,XNYS,USD,Stocks,Extra Space Storage Inc.
NYSE,EZA,EZA,XNYS,USD,Etfs,iShares MSCI South Africa ETF
NYSE,F,F,XNYS,USD,Stocks,Ford Motor Co
NYSE,FAF,FAF,XNYS,USD,Stocks,First American Financial Corp
NYSE,FBP,FBP,XNYS,USD,Stocks,First Bancorp
NYSE,FBTC,FBTC,XNYS,USD,Etfs,Fidelity Wise Origin Bitcoin Trust
NYSE,FCN,FCN,XNYS,USD,Stocks,FTI Consulting Inc.
NYSE,FCX,FCX,XNYS,USD,Stocks,Freeport-McMoRan Inc
NYSE,FDS,FDS,XNYS,USD,Stocks,FactSet Research Systems Inc.
NYSE,FDX,FDX,XNYS,USD,Stocks,Fedex Corp.
NYSE,FDXF,FDXF,XNYS,USD,Stocks,FedEx Freight Holding Company Inc.
NYSE,FE,FE,XNYS,USD,Stocks,FirstEnergy Corp.
NYSE,FERG,FERG,XNYS,USD,Stocks,Ferguson Enterprises Inc
NYSE,FHI,FHI,XNYS,USD,Stocks,Federated Hermes Inc.
NYSE,FHN,FHN,XNYS,USD,Stocks,First Horizon Corp.
NYSE,FICO,FICO,XNYS,USD,Stocks,Fair Isaac Corp.
NYSE,FIG,FIG,XNYS,USD,Stocks,"Figma, Inc."
NYSE,FIS,FIS,XNYS,USD,Stocks,Fidelity National Information Servcs Inc.
NYSE,FITB,FITB,XNYS,USD,Stocks,Fifth Third Bancorp
NYSE,FIX,FIX,XNYS,USD,Stocks,"Comfort Systems USA, Inc."
NYSE,FLG,FLG,XNYS,USD,Stocks,Flagstar Financial Inc.
NYSE,FLO,FLO,XNYS,USD,Stocks,Flowers Foods Inc.
NYSE,FLR,FLR,XNYS,USD,Stocks,Fluor Corp.
NYSE,FLS,FLS,XNYS,USD,Stocks,Flowserve Corp.
NYSE,FLUT,FLUT,XNYS,USD,Stocks,Flutter Entertainment PLC
NYSE,FMC,FMC,XNYS,USD,Stocks,FMC Corp.
NYSE,FMX,FMX,XNYS,USD,Stocks,Fomento Economico Mexicano
NYSE,FN,FN,XNYS,USD,Stocks,Fabrinet
NYSE,FNB,FNB,XNYS,USD,Stocks,FNB Corp
NYSE,FND,FND,XNYS,USD,Stocks,Floor & Decor Holdings Inc
NYSE,FNF,FNF,XNYS,USD,Stocks,Fidelity National Financial Inc.
NYSE,FNV,FNV,XNYS,USD,Stocks,Franco Nevada Corp
NYSE,FOUR,FOUR,XNYS,USD,Stocks,Shift4 Payments Inc.
NYSE,FPS,FPS,XNYS,USD,Stocks,"Forgent Power Solutions, Inc."
NYSE,FR,FR,XNYS,USD,Stocks,First Industrial Realty Trust Inc.
NYSE,FRO,FRO,XNYS,USD,Stocks,Frontline Ltd.
NYSE,FSK,FSK,XNYS,USD,Stocks,FS KKR Capital Corp
NYSE,FSS,FSS,XNYS,USD,Stocks,Federal Signal Corporation
NYSE,FTI,FTI,XNYS,USD,Stocks,TechnipFMC PLC
NYSE,FTS,FTS,XNYS,USD,Stocks,Fortis Inc.
NYSE,FTV,FTV,XNYS,USD,Stocks,Fortive Corp.
NYSE,FUL,FUL,XNYS,USD,Stocks,H.B. Fuller Company
NYSE,FUN,FUN,XNYS,USD,Stocks,Six Flags Entertainment Corp
NYSE,FVRR,FVRR,XNYS,USD,Stocks,Fiverr International Ltd.
NYSE,FXI,FXI,XNYS,USD,Etfs,iShares China Large-Cap ETF
NYSE,G,G,XNYS,USD,Stocks,Genpact Ltd
NYSE,GAP,GAP,XNYS,USD,Stocks,Gap Inc.
NYSE,GATX,GATX,XNYS,USD,Stocks,GATX Corporation
NYSE,GBCI,GBCI,XNYS,USD,Stocks,Glacier Bancorp Inc.
NYSE,GBTC,GBTC,XNYS,USD,Etfs,Grayscale Bitcoin Trust (BTC)
NYSE,GD,GD,XNYS,USD,Stocks,General Dynamics Corp.
NYSE,GDDY,GDDY,XNYS,USD,Stocks,GoDaddy Inc.
NYSE,GDX,GDX,XNYS,USD,Etfs,VanEck Gold Miners ETF
NYSE,GE,GE,XNYS,USD,Stocks,GE Aerospace
NYSE,GEF,GEF,XNYS,USD,Stocks,Greif Inc.
NYSE,GEO,GEO,XNYS,USD,Stocks,The GEO Group Inc.
NYSE,GEV,GEV,XNYS,USD,Stocks,GE Vernova Inc.
NYSE,GFI,GFI,XNYS,USD,Stocks,Gold Fields Limited
NYSE,GFL,GFL,XNYS,USD,Stocks,GFL Environmental Inc
NYSE,GGB,GGB,XNYS,USD,Stocks,Gerdau SA
NYSE,GGG,GGG,XNYS,USD,Stocks,Graco Inc.
NYSE,GHC,GHC,XNYS,USD,Stocks,Graham Holdings Co
NYSE,GIB,GIB,XNYS,USD,Stocks,CGI Group Inc.
NYSE,GIL,GIL,XNYS,USD,Stocks,Gildan Activewear Inc.
NYSE,GIS,GIS,XNYS,USD,Stocks,General Mills Inc.
NYSE,GL,GL,XNYS,USD,Stocks,Globe Life Inc.
NYSE,GLD,GLD,XNYS,USD,Etfs,SPDR Gold Trust
NYSE,GLOB,GLOB,XNYS,USD,Stocks,Globant S.A.
NYSE,GLW,GLW,XNYS,USD,Stocks,Corning Inc.
NYSE,GM,GM,XNYS,USD,Stocks,General Motors Co
NYSE,GMED,GMED,XNYS,USD,Stocks,Globus Medical Inc
NYSE,GNRC,GNRC,XNYS,USD,Stocks,Generac Holdings Inc.
NYSE,GOLF,GOLF,XNYS,USD,Stocks,Acushnet Holdings Corp.
NYSE,GPC,GPC,XNYS,USD,Stocks,Genuine Parts Company
NYSE,GPI,GPI,XNYS,USD,Stocks,Group 1 Automotive Inc.
NYSE,GPK,GPK,XNYS,USD,Stocks,Graphic Packaging Holding Company
NYSE,GPN,GPN,XNYS,USD,Stocks,Global Payments Inc.
NYSE,GPOR,GPOR,XNYS,USD,Stocks,Gulfport Energy Corp
NYSE,GRMN,GRMN,XNYS,USD,Stocks,Garmin Ltd.
NYSE,GRND,GRND,XNYS,USD,Stocks,Grindr Inc.
NYSE,GS,GS,XNYS,USD,Stocks,Goldman Sachs Group Inc.
NYSE,GSK,GSK,XNYS,USD,Stocks,GSK PLC
NYSE,GTES,GTES,XNYS,USD,Stocks,Gates Industrial Corp PLC
NYSE,GWRE,GWRE,XNYS,USD,Stocks,Guidewire Software Inc
NYSE,GWW,GWW,XNYS,USD,Stocks,WW Grainger Inc
NYSE,GXO,GXO,XNYS,USD,Stocks,GXO Logistics Inc.
NYSE,H,H,XNYS,USD,Stocks,Hyatt Hotels Corporation
NYSE,HAE,HAE,XNYS,USD,Stocks,Haemonetics Corporation
NYSE,HAL,HAL,XNYS,USD,Stocks,Halliburton Company
NYSE,HCA,HCA,XNYS,USD,Stocks,HCA Healthcare Inc.
NYSE,HD,HD,XNYS,USD,Stocks,The Home Depot Inc.
NYSE,HDB,HDB,XNYS,USD,Stocks,HDFC Bank Ltd. ADR
NYSE,HE,HE,XNYS,USD,Stocks,"Hawaiian Electric Industries, Inc."
NYSE,HEI,HEI,XNYS,USD,Stocks,Heico Corp.
NYSE,HESM,HESM,XNYS,USD,Stocks,Hess Midstream LP
NYSE,HGV,HGV,XNYS,USD,Stocks,Hilton Grand Vacations Inc.
NYSE,HHH,HHH,XNYS,USD,Stocks,Howard Hughes Holdings Inc.
NYSE,HIG,HIG,XNYS,USD,Stocks,Hartford Financial Services Group Inc
NYSE,HII,HII,XNYS,USD,Stocks,Huntington Ingalls Industries Inc.
NYSE,HIMS,HIMS,XNYS,USD,Stocks,"Hims & Hers Health, Inc."
NYSE,HKD,HKD,XNYS,USD,Stocks,AMTD Digital Inc.
NYSE,HLI,HLI,XNYS,USD,Stocks,Houlihan Lokey Inc
NYSE,HLIO,HLIO,XNYS,USD,Stocks,Helios Technologies Inc.
NYSE,HLN,HLN,XNYS,USD,Stocks,HALEON PLC
NYSE,HLT,HLT,XNYS,USD,Stocks,Hilton Worldwide Holdings Inc.
NYSE,HMC,HMC,XNYS,USD,Stocks,Honda Motor Co Ltd.
NYSE,HOG,HOG,XNYS,USD,Stocks,Harley-Davidson Inc.
NYSE,HOMB,HOMB,XNYS,USD,Stocks,Home Bancshares Inc.
NYSE,HP,HP,XNYS,USD,Stocks,Helmerich & Payne Inc.
NYSE,HPE,HPE,XNYS,USD,Stocks,Hewlett Packard Enterprise Company
NYSE,HPQ,HPQ,XNYS,USD,Stocks,HP Inc.
NYSE,HRB,HRB,XNYS,USD,Stocks,H & R Block Inc.
NYSE,HRL,HRL,XNYS,USD,Stocks,Hormel Foods Corp.
NYSE,HSY,HSY,XNYS,USD,Stocks,The Hershey Co
NYSE,HUBB,HUBB,XNYS,USD,Stocks,Hubbell Incorporated
NYSE,HUBS,HUBS,XNYS,USD,Stocks,HubSpot Inc.
NYSE,HUM,HUM,XNYS,USD,Stocks,Humana Inc.
NYSE,HUN,HUN,XNYS,USD,Stocks,Huntsman Corporation
NYSE,HWM,HWM,XNYS,USD,Stocks,Howmet Aerospace Inc
NYSE,HXL,HXL,XNYS,USD,Stocks,Hexcel Corporation
NYSE,IBM,IBM,XNYS,USD,Stocks,International Business Machines Corp.
NYSE,IBN,IBN,XNYS,USD,Stocks,ICICI Bank Limited
NYSE,IBP,IBP,XNYS,USD,Stocks,"Installed Building Products, Inc."
NYSE,ICE,ICE,XNYS,USD,Stocks,Intercontinental Exchange Inc
NYSE,ICL,ICL,XNYS,USD,Stocks,Icl Group Ltd.
NYSE,IDA,IDA,XNYS,USD,Stocks,IDACORP Inc.
NYSE,IEX,IEX,XNYS,USD,Stocks,IDEX Corp.
NYSE,IFF,IFF,XNYS,USD,Stocks,International Flavors & Fragrances Inc
NYSE,IHG,IHG,XNYS,USD,Stocks,InterContinental Hotels Group PLC
NYSE,ILF,ILF,XNYS,USD,Etfs,iShares Latin America 40 ETF
NYSE,IMAX,IMAX,XNYS,USD,Stocks,Imax Corp
NYSE,INDA,INDA,XNYS,USD,Etfs,iShares MSCI India ETF
NYSE,INFY,INFY,XNYS,USD,Stocks,Infosys Ltd.
NYSE,ING,ING,XNYS,USD,Stocks,ING Groep NV
NYSE,INGM,INGM,XNYS,USD,Stocks,Ingram Micro Holding Corporation
NYSE,INGR,INGR,XNYS,USD,Stocks,Ingredion Inc
NYSE,INSP,INSP,XNYS,USD,Stocks,Inspire Medical Systems Inc
NYSE,INVH,INVH,XNYS,USD,Stocks,Invitation Homes Inc.
NYSE,IONQ,IONQ,XNYS,USD,Stocks,IonQ Inc.
NYSE,IOT,IOT,XNYS,USD,Stocks,Samsara Inc.
NYSE,IP,IP,XNYS,USD,Stocks,International Paper Co
NYSE,IQV,IQV,XNYS,USD,Stocks,Iqvia Holdings Inc.
NYSE,IR,IR,XNYS,USD,Stocks,Ingersoll Rand Inc.
NYSE,IRM,IRM,XNYS,USD,Stocks,Iron Mountain Inc.
NYSE,IRS,IRS,XNYS,USD,Stocks,IRSA Inversiones y Representaciones Sociedad Anónima
NYSE,IT,IT,XNYS,USD,Stocks,Gartner Inc
NYSE,ITT,ITT,XNYS,USD,Stocks,ITT Inc
NYSE,ITUB,ITUB,XNYS,USD,Stocks,Itau Unibanco Holding SA
NYSE,ITW,ITW,XNYS,USD,Stocks,Illinois Tool Works Inc.
NYSE,IVZ,IVZ,XNYS,USD,Stocks,Invesco Ltd.
NYSE,IWM,IWM,XNYS,USD,Etfs,iShares Russell 2000 ETF
NYSE,IX,IX,XNYS,USD,Stocks,ORIX Corporation
NYSE,IXN,IXN,XNYS,USD,Etfs,iShares Global Tech ETF
NYSE,IYW,IYW,XNYS,USD,Etfs,iShares US Technology ETF
NYSE,J,J,XNYS,USD,Stocks,Jacobs Solutions Inc.
NYSE,JBL,JBL,XNYS,USD,Stocks,Jabil Inc
NYSE,JBS,JBS,XNYS,USD,Stocks,JBS N.V.
NYSE,JCI,JCI,XNYS,USD,Stocks,Johnson Controls International PLC
NYSE,JEF,JEF,XNYS,USD,Stocks,Jefferies Financial Group Inc.
NYSE,JEPI,JEPI,XNYS,USD,Etfs,JPMorgan Equity Premium Income ETF
NYSE,JHX,JHX,XNYS,USD,Stocks,James Hardie Industries plc.
NYSE,JLL,JLL,XNYS,USD,Stocks,Jones Lang Lasalle Inc.
NYSE,JMIA,JMIA,XNYS,USD,Stocks,Jumia Technologies AG
NYSE,JNJ,JNJ,XNYS,USD,Stocks,Johnson & Johnson
NYSE,JOBY,JOBY,XNYS,USD,Stocks,Joby Aviation Inc
NYSE,JPM,JPM,XNYS,USD,Stocks,JPMorgan Chase & Co
NYSE,JXN,JXN,XNYS,USD,Stocks,Jackson Financial Inc.
NYSE,KBH,KBH,XNYS,USD,Stocks,KB Home
NYSE,KBR,KBR,XNYS,USD,Stocks,KBR Inc.
NYSE,KD,KD,XNYS,USD,Stocks,Kyndryl Holdings Inc.
NYSE,KEP,KEP,XNYS,USD,Stocks,Korea Electric Power Corporation
NYSE,KEX,KEX,XNYS,USD,Stocks,Kirby Corporation
NYSE,KEY,KEY,XNYS,USD,Stocks,KeyCorp
NYSE,KEYS,KEYS,XNYS,USD,Stocks,Keysight Technologies Inc.
NYSE,KFY,KFY,XNYS,USD,Stocks,Korn/Ferry International
NYSE,KHC,KHC,XNYS,USD,Stocks,The Kraft Heinz Company
NYSE,KKR,KKR,XNYS,USD,Stocks,KKR & Co LP
NYSE,KLAR,KLAR,XNYS,USD,Stocks,Klarna Group PLC
NYSE,KMI,KMI,XNYS,USD,Stocks,Kinder Morgan Inc.
NYSE,KMPR,KMPR,XNYS,USD,Stocks,Kemper Corp.
NYSE,KMT,KMT,XNYS,USD,Stocks,Kennametal Inc.
NYSE,KMX,KMX,XNYS,USD,Stocks,CarMax Inc.
NYSE,KNSL,KNSL,XNYS,USD,Stocks,Kinsale Capital Group Inc
NYSE,KNX,KNX,XNYS,USD,Stocks,Knight-Swift Transportation Holdings Inc.
NYSE,KO,KO,XNYS,USD,Stocks,Coca-Cola Co
NYSE,KR,KR,XNYS,USD,Stocks,Kroger Company
NYSE,KRC,KRC,XNYS,USD,Stocks,Kilroy Realty Corp.
NYSE,KSA,KSA,XNYS,USD,Etfs,iShares MSCI Saudi Arabia ETF
NYSE,KSS,KSS,XNYS,USD,Stocks,Kohl's Corp.
NYSE,KT,KT,XNYS,USD,Stocks,KT Corp
NYSE,KVUE,KVUE,XNYS,USD,Stocks,Kenvue Inc
NYSE,KVYO,KVYO,XNYS,USD,Stocks,Klaviyo Inc
NYSE,KWR,KWR,XNYS,USD,Stocks,Quaker Chemical Corp.
NYSE,L,L,XNYS,USD,Stocks,Loews Corp.
NYSE,LAD,LAD,XNYS,USD,Stocks,Lithia Motors Inc
NYSE,LAZ,LAZ,XNYS,USD,Stocks,Lazard Ltd.
NYSE,LB,LB,XNYS,USD,Stocks,LandBridge Company LLC
NYSE,LBRT,LBRT,XNYS,USD,Stocks,Liberty Energy Inc
NYSE,LDOS,LDOS,XNYS,USD,Stocks,Leidos Holdings Inc.
NYSE,LEA,LEA,XNYS,USD,Stocks,Lear Corp
NYSE,LEN,LEN,XNYS,USD,Stocks,Lennar Corporation
NYSE,LEU,LEU,XNYS,USD,Stocks,Centrus Energy Corp.
NYSE,LEVI,LEVI,XNYS,USD,Stocks,Levi Strauss & Co
NYSE,LH,LH,XNYS,USD,Stocks,Laboratory Corp. of America Holdings
NYSE,LHX,LHX,XNYS,USD,Stocks,L3Harris Technologies Inc
NYSE,LII,LII,XNYS,USD,Stocks,Lennox International Inc
NYSE,LIT,LIT,XNYS,USD,Etfs,Global X Lithium & Battery Tech ETF
NYSE,LLY,LLY,XNYS,USD,Stocks,Eli Lilly & Co
NYSE,LMND,LMND,XNYS,USD,Stocks,Lemonade Inc.
NYSE,LMT,LMT,XNYS,USD,Stocks,Lockheed Martin Corp.
NYSE,LNC,LNC,XNYS,USD,Stocks,Lincoln National Corp.
NYSE,LNG,LNG,XNYS,USD,Stocks,Cheniere Energy Inc.
NYSE,LNN,LNN,XNYS,USD,Stocks,Lindsay Corp.
NYSE,LOAR,LOAR,XNYS,USD,Stocks,Loar Holdings Inc
NYSE,LOMA,LOMA,XNYS,USD,Stocks,Loma Negra Compañía Industrial Argentina Sociedad Anónima
NYSE,LOW,LOW,XNYS,USD,Stocks,Lowe's Companies Inc.
NYSE,LPG,LPG,XNYS,USD,Stocks,Dorian LPG Ltd.
NYSE,LPX,LPX,XNYS,USD,Stocks,Louisiana-Pacific Corp
NYSE,LRN,LRN,XNYS,USD,Stocks,Stride Inc.
NYSE,LTH,LTH,XNYS,USD,Stocks,Life Time Group Holdings Inc.
NYSE,LTM,LTM,XNYS,USD,Stocks,LATAM Airlines Group S.A.
NYSE,LUMN,LUMN,XNYS,USD,Stocks,Lumen Technologies Inc.
NYSE,LUV,LUV,XNYS,USD,Stocks,Southwest Airlines Co
NYSE,LVS,LVS,XNYS,USD,Stocks,Las Vegas Sands Corp.
NYSE,LW,LW,XNYS,USD,Stocks,Lamb Weston Holdings Inc
NYSE,LYB,LYB,XNYS,USD,Stocks,Lyondellbasell Industries N.V.
NYSE,LYG,LYG,XNYS,USD,Stocks,Lloyds Banking Group PLC
NYSE,LYV,LYV,XNYS,USD,Stocks,Live Nation Entertainment Inc.
NYSE,LZB,LZB,XNYS,USD,Stocks,La-Z-Boy Inc.
NYSE,M,M,XNYS,USD,Stocks,Macy's Inc
NYSE,MA,MA,XNYS,USD,Stocks,MasterCard Inc.
NYSE,MAA,MAA,XNYS,USD,Stocks,Mid-America Apartment Communities Inc.
NYSE,MAC,MAC,XNYS,USD,Stocks,Macerich Co.
NYSE,MAIN,MAIN,XNYS,USD,Stocks,Main Street Capital Corp
NYSE,MAIR,MAIR,XNYS,USD,Stocks,Madison Air Solutions Corporation
NYSE,MAN,MAN,XNYS,USD,Stocks,ManpowerGroup Inc.
NYSE,MANU,MANU,XNYS,USD,Stocks,Manchester United PLC
NYSE,MAS,MAS,XNYS,USD,Stocks,Masco Corp.
NYSE,MC,MC,XNYS,USD,Stocks,Moelis & Co
NYSE,MCD,MCD,XNYS,USD,Stocks,McDonald's Corp.
NYSE,MCK,MCK,XNYS,USD,Stocks,McKesson Corp.
NYSE,MCO,MCO,XNYS,USD,Stocks,Moody's Corp.
NYSE,MDT,MDT,XNYS,USD,Stocks,Medtronic PLC
NYSE,MET,MET,XNYS,USD,Stocks,Metlife Inc.
NYSE,METV,METV,XNYS,USD,Etfs,Roundhill Ball Metaverse ETF
NYSE,MGA,MGA,XNYS,USD,Stocks,Magna International Inc.
NYSE,MGM,MGM,XNYS,USD,Stocks,MGM Resorts International
NYSE,MGY,MGY,XNYS,USD,Stocks,Magnolia Oil & Gas Corp
NYSE,MHK,MHK,XNYS,USD,Stocks,Mohawk Industries Inc.
NYSE,MKC,MKC,XNYS,USD,Stocks,McCormick & Co Inc.
NYSE,MKL,MKL,XNYS,USD,Stocks,Markel Corp.
NYSE,MLI,MLI,XNYS,USD,Stocks,"Mueller Industries, Inc."
NYSE,MLM,MLM,XNYS,USD,Stocks,Martin Marietta Materials Inc.
NYSE,MMM,MMM,XNYS,USD,Stocks,3M Co
NYSE,MMS,MMS,XNYS,USD,Stocks,Maximus Inc
NYSE,MNSO,MNSO,XNYS,USD,Stocks,MINISO Group Holding Limited
NYSE,MO,MO,XNYS,USD,Stocks,Altria Group Inc.
NYSE,MOD,MOD,XNYS,USD,Stocks,Modine Manufacturing Co.
NYSE,MOH,MOH,XNYS,USD,Stocks,Molina Healthcare Inc.
NYSE,MOS,MOS,XNYS,USD,Stocks,The Mosaic Co.
NYSE,MP,MP,XNYS,USD,Stocks,MP Materials Corp.
NYSE,MPC,MPC,XNYS,USD,Stocks,Marathon Petroleum Corp.
NYSE,MPLX,MPLX,XNYS,USD,Stocks,MPLX LP
NYSE,MPT,MPT,XNYS,USD,Stocks,Medical Properties Trust Inc
NYSE,MRK,MRK,XNYS,USD,Stocks,Merck & Co Inc.
NYSE,MRP,MRP,XNYS,USD,Stocks,Millrose Properties Inc
NYSE,MRSH,MRSH,XNYS,USD,Stocks,Marsh & McLennan Companies Inc.
NYSE,MS,MS,XNYS,USD,Stocks,Morgan Stanley
NYSE,MSA,MSA,XNYS,USD,Stocks,MSA Safety Inc.
NYSE,MSCI,MSCI,XNYS,USD,Stocks,Msci Inc.
NYSE,MSGS,MSGS,XNYS,USD,Stocks,Madison Square Garden Sports Corp.
NYSE,MSI,MSI,XNYS,USD,Stocks,Motorola Solutions Inc.
NYSE,MSM,MSM,XNYS,USD,Stocks,MSC Industrial Direct Co Inc.
NYSE,MTB,MTB,XNYS,USD,Stocks,M&t Bank Corp
NYSE,MTD,MTD,XNYS,USD,Stocks,Mettler-Toledo International Inc.
NYSE,MTDR,MTDR,XNYS,USD,Stocks,Matador Resources Co
NYSE,MTH,MTH,XNYS,USD,Stocks,Meritage Homes Corp.
NYSE,MTN,MTN,XNYS,USD,Stocks,Vail Resorts Inc.
NYSE,MTZ,MTZ,XNYS,USD,Stocks,MasTec Inc
NYSE,MUFG,MUFG,XNYS,USD,Stocks,Mitsubishi UFJ Financial Group Inc
NYSE,MUR,MUR,XNYS,USD,Stocks,Murphy Oil Corp
NYSE,MUSA,MUSA,XNYS,USD,Stocks,Murphy USA Inc
NYSE,NABL,NABL,XNYS,USD,Stocks,N-Able Inc.
NYSE,NCLH,NCLH,XNYS,USD,Stocks,Norwegian Cruise Line Holdings Ltd
NYSE,NE,NE,XNYS,USD,Stocks,Noble Corporation PLC
NYSE,NEE,NEE,XNYS,USD,Stocks,NextEra Energy Inc.
NYSE,NEM,NEM,XNYS,USD,Stocks,Newmont Corporation
NYSE,NET,NET,XNYS,USD,Stocks,Cloudflare Inc.
NYSE,NEU,NEU,XNYS,USD,Stocks,NewMarket Corporation
NYSE,NFG,NFG,XNYS,USD,Stocks,National Fuel Gas Co.
NYSE,NGG,NGG,XNYS,USD,Stocks,National Grid PLC
NYSE,NGVT,NGVT,XNYS,USD,Stocks,Ingevity Corp.
NYSE,NI,NI,XNYS,USD,Stocks,NiSource Inc.
NYSE,NIO,NIO,XNYS,USD,Stocks,Nio Inc.
NYSE,NKE,NKE,XNYS,USD,Stocks,Nike Inc.
NYSE,NLR,NLR,XNYS,USD,Etfs,VanEck Uranium and Nuclear ETF
NYSE,NLY,NLY,XNYS,USD,Stocks,"Annaly Capital Management, Inc."
NYSE,NNI,NNI,XNYS,USD,Stocks,Nelnet Inc.
NYSE,NNN,NNN,XNYS,USD,Stocks,National Retail Properties Inc.
NYSE,NOC,NOC,XNYS,USD,Stocks,Northrop Grumman Corp.
NYSE,NOK,NOK,XNYS,USD,Stocks,Nokia Oyj
NYSE,NOMD,NOMD,XNYS,USD,Stocks,Nomad Foods Ltd
NYSE,NOV,NOV,XNYS,USD,Stocks,Nov Inc.
NYSE,NOW,NOW,XNYS,USD,Stocks,ServiceNow Inc.
NYSE,NRG,NRG,XNYS,USD,Stocks,NRG Energy Inc.
NYSE,NSC,NSC,XNYS,USD,Stocks,Norfolk Southern Corp.
NYSE,NSP,NSP,XNYS,USD,Stocks,Insperity Inc.
NYSE,NTR,NTR,XNYS,USD,Stocks,Nutrien Ltd
NYSE,NU,NU,XNYS,USD,Stocks,Nu Holdings Ltd.
NYSE,NUE,NUE,XNYS,USD,Stocks,Nucor Corporation
NYSE,NVO,NVO,XNYS,USD,Stocks,Novo Nordisk A/S
NYSE,NVR,NVR,XNYS,USD,Stocks,NVR Inc.
NYSE,NVS,NVS,XNYS,USD,Stocks,Novartis AG
NYSE,NVT,NVT,XNYS,USD,Stocks,nVent Electric PLC
NYSE,NWG,NWG,XNYS,USD,Stocks,NatWest Group plc
NYSE,NXE,NXE,XNYS,USD,Stocks,NexGen Energy Ltd
NYSE,NYT,NYT,XNYS,USD,Stocks,The New York Times Company
NYSE,O,O,XNYS,USD,Stocks,Realty Income Corp.
NYSE,OC,OC,XNYS,USD,Stocks,Owens Corning
NYSE,OGE,OGE,XNYS,USD,Stocks,OGE Energy Corp.
NYSE,OGN,OGN,XNYS,USD,Stocks,Organon & Co
NYSE,OGS,OGS,XNYS,USD,Stocks,ONE Gas Inc
NYSE,OHI,OHI,XNYS,USD,Stocks,Omega Healthcare Investors Inc.
NYSE,OI,OI,XNYS,USD,Stocks,O-I Glass Inc
NYSE,OIH,OIH,XNYS,USD,Etfs,VanEck Oil Services ETF
NYSE,OKE,OKE,XNYS,USD,Stocks,"ONEOK, Inc."
NYSE,OKLO,OKLO,XNYS,USD,Stocks,Oklo Inc.
NYSE,OLN,OLN,XNYS,USD,Stocks,Olin Corporation
NYSE,OMC,OMC,XNYS,USD,Stocks,Omnicom Group Inc.
NYSE,ONON,ONON,XNYS,USD,Stocks,On Holding AG
NYSE,ONTO,ONTO,XNYS,USD,Stocks,Onto Innovation Inc
NYSE,OPLN,OPLN,XNYS,USD,Stocks,Openlane Inc.
NYSE,ORA,ORA,XNYS,USD,Stocks,Ormat Technologies Inc.
NYSE,ORCL,ORCL,XNYS,USD,Stocks,Oracle Corp.
NYSE,ORI,ORI,XNYS,USD,Stocks,Old Republic International Corporation
NYSE,OSCR,OSCR,XNYS,USD,Stocks,Oscar Health Inc
NYSE,OSK,OSK,XNYS,USD,Stocks,Oshkosh Corp
NYSE,OTIS,OTIS,XNYS,USD,Stocks,Otis Worldwide Corp.
NYSE,OUT,OUT,XNYS,USD,Stocks,Outfront Media Inc.
NYSE,OVV,OVV,XNYS,USD,Stocks,Ovintiv Inc.
NYSE,OWL,OWL,XNYS,USD,Stocks,Blue Owl Capital Inc.
NYSE,OXM,OXM,XNYS,USD,Stocks,Oxford Industries Inc.
NYSE,OXY,OXY,XNYS,USD,Stocks,Occidental Petroleum Corp
NYSE,P,P,XNYS,USD,Stocks,Everpure Inc.
NYSE,PAAS,PAAS,XNYS,USD,Stocks,Pan American Silver Corp.
NYSE,PAC,PAC,XNYS,USD,Stocks,"Grupo Aeroportuario del Pacífico, S.A.B. de C.V."
NYSE,PAG,PAG,XNYS,USD,Stocks,"Penske Automotive Group, Inc."
NYSE,PAGS,PAGS,XNYS,USD,Stocks,PagSeguro Digital Ltd.
NYSE,PALL,PALL,XNYS,USD,Etfs,abrdn Physical Palladium Shares ETF
NYSE,PAM,PAM,XNYS,USD,Stocks,Pampa Energia SA
NYSE,PATH,PATH,XNYS,USD,Stocks,UiPath Inc
NYSE,PAY,PAY,XNYS,USD,Stocks,Paymentus Holdings Inc
NYSE,PAYC,PAYC,XNYS,USD,Stocks,Paycom Software Inc.
NYSE,PB,PB,XNYS,USD,Stocks,Prosperity Bancshares Inc.
NYSE,PBF,PBF,XNYS,USD,Stocks,PBF Energy Inc
NYSE,PBH,PBH,XNYS,USD,Stocks,Prestige Consumer Healthcare Inc.
NYSE,PBR,PBR,XNYS,USD,Stocks,Petróleo Brasileiro S.A.
NYSE,PCG,PCG,XNYS,USD,Stocks,PG&E Corporation
NYSE,PCOR,PCOR,XNYS,USD,Stocks,Procore Technologies Inc.
NYSE,PD,PD,XNYS,USD,Stocks,Pagerduty Inc.
NYSE,PEG,PEG,XNYS,USD,Stocks,Public Service Enterprise Group Inc.
NYSE,PEN,PEN,XNYS,USD,Stocks,Penumbra Inc
NYSE,PFE,PFE,XNYS,USD,Stocks,Pfizer Inc.
NYSE,PFGC,PFGC,XNYS,USD,Stocks,Performance Food Group Company
NYSE,PG,PG,XNYS,USD,Stocks,Procter & Gamble Co
NYSE,PGR,PGR,XNYS,USD,Stocks,Progressive Corp.
NYSE,PH,PH,XNYS,USD,Stocks,Parker-Hannifin Corp.
NYSE,PHG,PHG,XNYS,USD,Stocks,Koninklijke Philips N.V.
NYSE,PHI,PHI,XNYS,USD,Stocks,PLDT Inc
NYSE,PHM,PHM,XNYS,USD,Stocks,PulteGroup Inc.
NYSE,PHR,PHR,XNYS,USD,Stocks,Phreesia Inc.
NYSE,PII,PII,XNYS,USD,Stocks,Polaris Inc
NYSE,PINS,PINS,XNYS,USD,Stocks,Pinterest Inc.
NYSE,PIPR,PIPR,XNYS,USD,Stocks,Piper Sandler Companies
NYSE,PK,PK,XNYS,USD,Stocks,Park Hotels & Resorts Inc.
NYSE,PKG,PKG,XNYS,USD,Stocks,Packaging Corp Of America
NYSE,PKX,PKX,XNYS,USD,Stocks,Posco Holdings Inc.
NYSE,PL,PL,XNYS,USD,Stocks,Planet Labs PBC
NYSE,PLD,PLD,XNYS,USD,Stocks,Prologis Inc.
NYSE,PLNT,PLNT,XNYS,USD,Stocks,Planet Fitness Inc.
NYSE,PM,PM,XNYS,USD,Stocks,Philip Morris International Inc.
NYSE,PNC,PNC,XNYS,USD,Stocks,PNC Financial Services Group Inc.
NYSE,PNFP,PNFP,XNYS,USD,Stocks,Pinnacle Financial Partners Inc
NYSE,PNR,PNR,XNYS,USD,Stocks,Pentair PLC
NYSE,PNW,PNW,XNYS,USD,Stocks,Pinnacle West Capital Corp.
NYSE,POR,POR,XNYS,USD,Stocks,Portland General Electric Company
NYSE,POST,POST,XNYS,USD,Stocks,Post Holdings Inc.
NYSE,PPG,PPG,XNYS,USD,Stocks,PPG Industries Inc.
NYSE,PPL,PPL,XNYS,USD,Stocks,PPL Corp.
NYSE,PPLT,PPLT,XNYS,USD,Etfs,abrdn Physical Platinum Shares ETF
NYSE,PR,PR,XNYS,USD,Stocks,Permian Resources Corp.
NYSE,PRGO,PRGO,XNYS,USD,Stocks,Perrigo Company PLC
NYSE,PRI,PRI,XNYS,USD,Stocks,"Primerica, Inc."
NYSE,PRKS,PRKS,XNYS,USD,Stocks,United Parks & Resorts Inc.
NYSE,PRMB,PRMB,XNYS,USD,Stocks,Primo Brands Corporation
NYSE,PRU,PRU,XNYS,USD,Stocks,Prudential Financial Inc.
NYSE,PSA,PSA,XNYS,USD,Stocks,Public Storage
NYSE,PSO,PSO,XNYS,USD,Stocks,Pearson PLC
NYSE,PSX,PSX,XNYS,USD,Stocks,Phillips 66
NYSE,PUK,PUK,XNYS,USD,Stocks,Prudential PLC
NYSE,PVH,PVH,XNYS,USD,Stocks,PVH Corp.
NYSE,PWR,PWR,XNYS,USD,Stocks,Quanta Services Inc.
NYSE,Q,Q,XNYS,USD,Stocks,Qnity Electronics Inc.
NYSE,QGEN,QGEN,XNYS,USD,Stocks,Qiagen NV
NYSE,QSR,QSR,XNYS,USD,Stocks,Restaurant Brands International Inc.
NYSE,QXO,QXO,XNYS,USD,Stocks,"QXO, Inc."
NYSE,R,R,XNYS,USD,Stocks,"Ryder System, Inc."
NYSE,RAL,RAL,XNYS,USD,Stocks,Ralliant Corporation
NYSE,RBA,RBA,XNYS,USD,Stocks,RB Global Inc
NYSE,RBC,RBC,XNYS,USD,Stocks,RBC Bearings Inc
NYSE,RBLX,RBLX,XNYS,USD,Stocks,Roblox Corp.
NYSE,RBRK,RBRK,XNYS,USD,Stocks,Rubrik Inc
NYSE,RCL,RCL,XNYS,USD,Stocks,Royal Caribbean Cruises Ltd.
NYSE,RDDT,RDDT,XNYS,USD,Stocks,Reddit Inc
NYSE,RDN,RDN,XNYS,USD,Stocks,Radian Group Inc
NYSE,RDW,RDW,XNYS,USD,Stocks,Redwire Corporation
NYSE,RDY,RDY,XNYS,USD,Stocks,Dr Reddy's Laboratories Ltd
NYSE,RELX,RELX,XNYS,USD,Stocks,Relx PLC
NYSE,RES,RES,XNYS,USD,Stocks,RPC Inc.
NYSE,RF,RF,XNYS,USD,Stocks,Regions Financial Corp
NYSE,RGA,RGA,XNYS,USD,Stocks,Reinsurance Group of America Inc
NYSE,RGR,RGR,XNYS,USD,Stocks,Sturm Ruger & Company Inc.
NYSE,RH,RH,XNYS,USD,Stocks,RH
NYSE,RHI,RHI,XNYS,USD,Stocks,Robert Half International Inc.
NYSE,RHP,RHP,XNYS,USD,Stocks,Ryman Hospitality Properties Inc.
NYSE,RIG,RIG,XNYS,USD,Stocks,Transocean Ltd.
NYSE,RIO,RIO,XNYS,USD,Stocks,Rio Tinto PLC
NYSE,RJF,RJF,XNYS,USD,Stocks,Raymond James Financial Inc
NYSE,RKT,RKT,XNYS,USD,Stocks,Rocket Companies Inc.
NYSE,RL,RL,XNYS,USD,Stocks,Ralph Lauren Corp.
NYSE,RLI,RLI,XNYS,USD,Stocks,RLI Corp
NYSE,RMD,RMD,XNYS,USD,Stocks,Resmed Inc.
NYSE,RNG,RNG,XNYS,USD,Stocks,RingCentral Inc.
NYSE,RNR,RNR,XNYS,USD,Stocks,RenaissanceRe Holdings Ltd.
NYSE,ROBO,ROBO,XNYS,USD,Etfs,ROBO Global Robotics and Automation ETF
NYSE,ROK,ROK,XNYS,USD,Stocks,Rockwell Automation Inc
NYSE,ROL,ROL,XNYS,USD,Stocks,"Rollins, Inc."
NYSE,RPM,RPM,XNYS,USD,Stocks,RPM International Inc.
NYSE,RRC,RRC,XNYS,USD,Stocks,Range Resources Corp.
NYSE,RRX,RRX,XNYS,USD,Stocks,Regal Rexnord Corp.
NYSE,RS,RS,XNYS,USD,Stocks,Reliance Inc.
NYSE,RSG,RSG,XNYS,USD,Stocks,"Republic Services, Inc."
NYSE,RTO,RTO,XNYS,USD,Stocks,Rentokil Initial PLC
NYSE,RTX,RTX,XNYS,USD,Stocks,RTX Corporation
NYSE,RVTY,RVTY,XNYS,USD,Stocks,"Revvity, Inc."
NYSE,RYN,RYN,XNYS,USD,Stocks,Rayonier Inc.
NYSE,S,S,XNYS,USD,Stocks,SentinelOne Inc.
NYSE,SAH,SAH,XNYS,USD,Stocks,Sonic Automotive Inc.
NYSE,SAM,SAM,XNYS,USD,Stocks,Boston Beer Company Inc.
NYSE,SARO,SARO,XNYS,USD,Stocks,"StandardAero, Inc."
NYSE,SBS,SBS,XNYS,USD,Stocks,Companhia de Saneamento Básico do Estado de São Paulo - SABESP
NYSE,SBSW,SBSW,XNYS,USD,Stocks,Sibanye Stillwater Ltd
NYSE,SCCO,SCCO,XNYS,USD,Stocks,Southern Copper Corp.
NYSE,SCHD,SCHD,XNYS,USD,Etfs,Schwab U.S. Dividend Equity ETF
NYSE,SCHW,SCHW,XNYS,USD,Stocks,Charles Schwab Corp.
NYSE,SCI,SCI,XNYS,USD,Stocks,Service Corporation International
NYSE,SE,SE,XNYS,USD,Stocks,Sea Ltd.
NYSE,SF,SF,XNYS,USD,Stocks,Stifel Financial Corp
NYSE,SGI,SGI,XNYS,USD,Stocks,Somnigroup International Inc.
NYSE,SHAK,SHAK,XNYS,USD,Stocks,Shake Shack Inc.
NYSE,SHO,SHO,XNYS,USD,Stocks,Sunstone Hotel Investors Inc.
NYSE,SHW,SHW,XNYS,USD,Stocks,Sherwin-Williams Co
NYSE,SID,SID,XNYS,USD,Stocks,Companhia Siderurgica Nacional SA
NYSE,SIL,SIL,XNYS,USD,Etfs,Global X Silver Miners ETF
NYSE,SITC,SITC,XNYS,USD,Stocks,Site Centers Corp.
NYSE,SITE,SITE,XNYS,USD,Stocks,SiteOne Landscape Supply Inc
NYSE,SJM,SJM,XNYS,USD,Stocks,J M Smucker Co.
NYSE,SKM,SKM,XNYS,USD,Stocks,SK Telecom Co Ltd
NYSE,SKY,SKY,XNYS,USD,Stocks,Skyline Champion Corp.
NYSE,SLB,SLB,XNYS,USD,Stocks,Schlumberger N.V.
NYSE,SLGN,SLGN,XNYS,USD,Stocks,Silgan Holdings Inc.
NYSE,SLV,SLV,XNYS,USD,Etfs,iShares Silver Trust
NYSE,SLVM,SLVM,XNYS,USD,Stocks,Sylvamo Corp.
NYSE,SM,SM,XNYS,USD,Stocks,SM Energy Co.
NYSE,SMFG,SMFG,XNYS,USD,Stocks,Sumitomo Mitsui Financial Group Inc.
NYSE,SMG,SMG,XNYS,USD,Stocks,Scotts Miracle-Gro Co
NYSE,SMR,SMR,XNYS,USD,Stocks,NuScale Power Corporation
NYSE,SN,SN,XNYS,USD,Stocks,Sharkninja Inc
NYSE,SNA,SNA,XNYS,USD,Stocks,Snap-on Incorporated
NYSE,SNAP,SNAP,XNYS,USD,Stocks,Snap Inc.
NYSE,SNDR,SNDR,XNYS,USD,Stocks,Schneider National Inc.
NYSE,SNN,SNN,XNYS,USD,Stocks,Smith & Nephew PLC
NYSE,SNOW,SNOW,XNYS,USD,Stocks,Snowflake Inc.
NYSE,SNX,SNX,XNYS,USD,Stocks,TD Synnex Corp
NYSE,SO,SO,XNYS,USD,Stocks,Southern Co
NYSE,SOLV,SOLV,XNYS,USD,Stocks,Solventum Corp.
NYSE,SON,SON,XNYS,USD,Stocks,Sonoco Products Co
NYSE,SONY,SONY,XNYS,USD,Stocks,Sony Corp.
NYSE,SPG,SPG,XNYS,USD,Stocks,Simon Property Group Inc
NYSE,SPGI,SPGI,XNYS,USD,Stocks,S&P Global Inc
NYSE,SPHR,SPHR,XNYS,USD,Stocks,Sphere Entertainment Co
NYSE,SPOT,SPOT,XNYS,USD,Stocks,Spotify
NYSE,SPXC,SPXC,XNYS,USD,Stocks,SPX Technologies Inc.
NYSE,SPY,SPY,XNYS,USD,Etfs,State Street SPDR S&P 500 ETF
NYSE,SQM,SQM,XNYS,USD,Stocks,Sociedad Quimica y Minera de Chile
NYSE,SR,SR,XNYS,USD,Stocks,Spire Inc.
NYSE,SRE,SRE,XNYS,USD,Stocks,Sempra Energy
NYSE,SSB,SSB,XNYS,USD,Stocks,SouthState Corp.
NYSE,SSD,SSD,XNYS,USD,Stocks,"Simpson Manufacturing Co, Inc."
NYSE,SSTK,SSTK,XNYS,USD,Stocks,Shutterstock Inc
NYSE,ST,ST,XNYS,USD,Stocks,Sensata Technologies Holding PLC
NYSE,STAG,STAG,XNYS,USD,Stocks,Stag Industrial Inc
NYSE,STE,STE,XNYS,USD,Stocks,Steris PLC.
NYSE,STLA,STLA,XNYS,USD,Stocks,Stellantis N.V.
NYSE,STN,STN,XNYS,USD,Stocks,Stantec Inc.
NYSE,STT,STT,XNYS,USD,Stocks,State Street Corp.
NYSE,STVN,STVN,XNYS,USD,Stocks,Stevanato Group SpA
NYSE,STWD,STWD,XNYS,USD,Stocks,"Starwood Property Trust, Inc."
NYSE,STZ,STZ,XNYS,USD,Stocks,Constellation Brands Inc.
NYSE,SUN,SUN,XNYS,USD,Stocks,Sunoco LP
NYSE,SUPV,SUPV,XNYS,USD,Stocks,Grupo Supervielle SA
NYSE,SUZ,SUZ,XNYS,USD,Stocks,Suzano SA
NYSE,SW,SW,XNYS,USD,Stocks,Smurfit WestRock PLC
NYSE,SWK,SWK,XNYS,USD,Stocks,Stanley Black & Decker Inc.
NYSE,SWX,SWX,XNYS,USD,Stocks,Southwest Gas Holdings Inc.
NYSE,SXT,SXT,XNYS,USD,Stocks,Sensient Technologies Corporation
NYSE,SYF,SYF,XNYS,USD,Stocks,Synchrony Financial
NYSE,SYK,SYK,XNYS,USD,Stocks,Stryker Corp.
NYSE,SYY,SYY,XNYS,USD,Stocks,Sysco Corporation
NYSE,T,T,XNYS,USD,Stocks,AT&T Inc.
NYSE,TAK,TAK,XNYS,USD,Stocks,Takeda Pharmaceutical Co. Ltd.
NYSE,TAL,TAL,XNYS,USD,Stocks,TAL Education Group
NYSE,TAP,TAP,XNYS,USD,Stocks,Molson Coors Brewing Co
NYSE,TDC,TDC,XNYS,USD,Stocks,Teradata Corporation
NYSE,TDG,TDG,XNYS,USD,Stocks,TransDigm Group Incorporated
NYSE,TDOC,TDOC,XNYS,USD,Stocks,Teladoc Health Inc
NYSE,TDY,TDY,XNYS,USD,Stocks,Teledyne Technologies Incorporated
NYSE,TECK,TECK,XNYS,USD,Stocks,Teck Resources Limited
NYSE,TEL,TEL,XNYS,USD,Stocks,TE Connectivity Ltd.
NYSE,TEO,TEO,XNYS,USD,Stocks,Telecom Argentina SA
NYSE,TEVA,TEVA,XNYS,USD,Stocks,Teva Pharmaceutical Industries Ltd.
NYSE,TEX,TEX,XNYS,USD,Stocks,Terex Corporation
NYSE,TFC,TFC,XNYS,USD,Stocks,Truist Financial Corp
NYSE,TFII,TFII,XNYS,USD,Stocks,TFI International Inc.
NYSE,TFIN,TFIN,XNYS,USD,Stocks,Triumph Financial Inc
NYSE,TFX,TFX,XNYS,USD,Stocks,Teleflex Incorporated
NYSE,TGS,TGS,XNYS,USD,Stocks,Transportadora de Gas del Sur SA
NYSE,TGT,TGT,XNYS,USD,Stocks,Target Corp.
NYSE,THC,THC,XNYS,USD,Stocks,Tenet Healthcare Corp.
NYSE,THG,THG,XNYS,USD,Stocks,Hanover Insurance Group Inc.
NYSE,THO,THO,XNYS,USD,Stocks,"THOR Industries, Inc."
NYSE,TIMB,TIMB,XNYS,USD,Stocks,Tim SA
NYSE,TJX,TJX,XNYS,USD,Stocks,TJX Companies Inc.
NYSE,TKO,TKO,XNYS,USD,Stocks,TKO Group Holdings Inc.
NYSE,TKR,TKR,XNYS,USD,Stocks,Timken Co.
NYSE,TLK,TLK,XNYS,USD,Stocks,Telkom Indonesia
NYSE,TM,TM,XNYS,USD,Stocks,Toyota Motor Corporation
NYSE,TME,TME,XNYS,USD,Stocks,Tencent Music Entertainment Group
NYSE,TMO,TMO,XNYS,USD,Stocks,Thermo Fisher Scientific Inc.
NYSE,TNET,TNET,XNYS,USD,Stocks,TriNet Group Inc.
NYSE,TNL,TNL,XNYS,USD,Stocks,Travel + Leisure Co.
NYSE,TOL,TOL,XNYS,USD,Stocks,Toll Brothers Inc.
NYSE,TOST,TOST,XNYS,USD,Stocks,Toast Inc
NYSE,TPL,TPL,XNYS,USD,Stocks,Texas Pacific Land Corporation
NYSE,TPR,TPR,XNYS,USD,Stocks,Tapestry Inc.
NYSE,TR,TR,XNYS,USD,Stocks,Tootsie Roll Industries Inc.
NYSE,TREX,TREX,XNYS,USD,Stocks,Trex Company Inc.
NYSE,TRGP,TRGP,XNYS,USD,Stocks,Targa Resources Corp.
NYSE,TRU,TRU,XNYS,USD,Stocks,TransUnion
NYSE,TRV,TRV,XNYS,USD,Stocks,Travelers Companies Inc.
NYSE,TS,TS,XNYS,USD,Stocks,Tenaris SA
NYSE,TSM,TSM,XNYS,USD,Stocks,Taiwan Semiconductor Manufacturing
NYSE,TSN,TSN,XNYS,USD,Stocks,Tyson Foods Inc.
NYSE,TT,TT,XNYS,USD,Stocks,Trane Technologies PLC
NYSE,TTC,TTC,XNYS,USD,Stocks,Toro Co.
NYSE,TWLO,TWLO,XNYS,USD,Stocks,Twilio Inc.
NYSE,TX,TX,XNYS,USD,Stocks,Ternium SA
NYSE,TXNM,TXNM,XNYS,USD,Stocks,TXNM Energy Inc
NYSE,TXT,TXT,XNYS,USD,Stocks,Textron Inc.
NYSE,TYL,TYL,XNYS,USD,Stocks,Tyler Technologies Inc.
NYSE,U,U,XNYS,USD,Stocks,Unity Software Inc.
NYSE,UAA,UAA,XNYS,USD,Stocks,Under Armour Inc.
NYSE,UBER,UBER,XNYS,USD,Stocks,Uber Technologies Inc.
NYSE,UBS,UBS,XNYS,USD,Stocks,UBS Group AG
NYSE,UEC,UEC,XNYS,USD,Stocks,Uranium Energy Corp.
NYSE,UGI,UGI,XNYS,USD,Stocks,UGI Corp.
NYSE,UGP,UGP,XNYS,USD,Stocks,Ultrapar Participacoes SA
NYSE,UHAL,UHAL,XNYS,USD,Stocks,U-Haul Holding Company
NYSE,UHS,UHS,XNYS,USD,Stocks,Universal Health Services Inc.
NYSE,UI,UI,XNYS,USD,Stocks,Ubiquiti Inc.
NYSE,UL,UL,XNYS,USD,Stocks,Unilever PLC
NYSE,ULS,ULS,XNYS,USD,Stocks,UL Solutions Inc.
NYSE,UMC,UMC,XNYS,USD,Stocks,United Microelectronics Corp.
NYSE,UNF,UNF,XNYS,USD,Stocks,UniFirst Corp.
NYSE,UNFI,UNFI,XNYS,USD,Stocks,United Natural Foods Inc.
NYSE,UNG,UNG,XNYS,USD,Etfs,United States Natural Gas Fund
NYSE,UNH,UNH,XNYS,USD,Stocks,UnitedHealth Group Inc.
NYSE,UNM,UNM,XNYS,USD,Stocks,Unum Group
NYSE,UNP,UNP,XNYS,USD,Stocks,Union Pacific Corp.
NYSE,UPS,UPS,XNYS,USD,Stocks,United Parcel Service Inc.
NYSE,URA,URA,XNYS,USD,Etfs,Global X Uranium ETF
NYSE,URI,URI,XNYS,USD,Stocks,United Rentals Inc.
NYSE,URNM,URNM,XNYS,USD,Etfs,Sprott Uranium Miners ETF
NYSE,USB,USB,XNYS,USD,Stocks,US Bancorp
NYSE,USFD,USFD,XNYS,USD,Stocks,US Foods Holding Corp
NYSE,USO,USO,XNYS,USD,Etfs,United States Oil Fund
NYSE,UUP,UUP,XNYS,USD,Etfs,Invesco DB USD Index Bullish Fund
NYSE,UVV,UVV,XNYS,USD,Stocks,Universal Corp.
NYSE,V,V,XNYS,USD,Stocks,Visa Inc.
NYSE,VAC,VAC,XNYS,USD,Stocks,Marriott Vacations Worldwide Corp
NYSE,VAL,VAL,XNYS,USD,Stocks,Valaris Ltd.
NYSE,VALE,VALE,XNYS,USD,Stocks,Vale SA
NYSE,VBR,VBR,XNYS,USD,Etfs,Vanguard Morningstar Small-Cap Value ETF
NYSE,VEEV,VEEV,XNYS,USD,Stocks,Veeva Systems Inc
NYSE,VFC,VFC,XNYS,USD,Stocks,VF Corp
NYSE,VG,VG,XNYS,USD,Stocks,Venture Global Inc
NYSE,VGK,VGK,XNYS,USD,Etfs,Vanguard FTSE Europe ETF
NYSE,VICI,VICI,XNYS,USD,Stocks,VICI Properties Inc
NYSE,VIK,VIK,XNYS,USD,Stocks,Viking Holdings Ltd
NYSE,VIPS,VIPS,XNYS,USD,Stocks,Vipshop Holdings Limited
NYSE,VIRT,VIRT,XNYS,USD,Stocks,Virtu Financial Inc.
NYSE,VIST,VIST,XNYS,USD,Stocks,"Vista Energy, S.A.B. de C.V."
NYSE,VIV,VIV,XNYS,USD,Stocks,Telefonica Brasil SA
NYSE,VLO,VLO,XNYS,USD,Stocks,Valero Energy Corporation
NYSE,VLTO,VLTO,XNYS,USD,Stocks,Veralto Corporation
NYSE,VMC,VMC,XNYS,USD,Stocks,Vulcan Materials Company
NYSE,VMI,VMI,XNYS,USD,Stocks,Valmont Industries Inc.
NYSE,VMRK,VMRK,XNYS,USD,Stocks,Vivmark Residential
NYSE,VNQ,VNQ,XNYS,USD,Etfs,Vanguard Real Estate Index Fund
NYSE,VNT,VNT,XNYS,USD,Stocks,Vontier Corp
NYSE,VOYA,VOYA,XNYS,USD,Stocks,Voya Financial Inc.
NYSE,VRT,VRT,XNYS,USD,Stocks,Vertiv Holdings Co
NYSE,VRTS,VRTS,XNYS,USD,Stocks,Virtus Investment Partners Inc.
NYSE,VSH,VSH,XNYS,USD,Stocks,Vishay Intertechnology Inc.
NYSE,VST,VST,XNYS,USD,Stocks,Vistra Corp.
NYSE,VSXY,VSXY,XNYS,USD,Stocks,Victoria's Secret & Co.
NYSE,VT,VT,XNYS,USD,Etfs,Vanguard Total World Stock Index Fund
NYSE,VTR,VTR,XNYS,USD,Stocks,Ventas Inc.
NYSE,VZ,VZ,XNYS,USD,Stocks,Verizon Communications Inc.
NYSE,W,W,XNYS,USD,Stocks,Wayfair Inc.
NYSE,WAB,WAB,XNYS,USD,Stocks,Westinghouse Air Brake Technologies Corp.
NYSE,WAT,WAT,XNYS,USD,Stocks,Waters Corporation
NYSE,WCC,WCC,XNYS,USD,Stocks,WESCO International Inc.
NYSE,WCN,WCN,XNYS,USD,Stocks,Waste Connections Inc.
NYSE,WD,WD,XNYS,USD,Stocks,"Walker & Dunlop, Inc."
NYSE,WDS,WDS,XNYS,USD,Stocks,Woodside Energy Group Ltd.
NYSE,WEC,WEC,XNYS,USD,Stocks,WEC Energy Group Inc.
NYSE,WELL,WELL,XNYS,USD,Stocks,Welltower Inc.
NYSE,WEX,WEX,XNYS,USD,Stocks,WEX Inc
NYSE,WF,WF,XNYS,USD,Stocks,Woori Financial Group Inc
NYSE,WFC,WFC,XNYS,USD,Stocks,Wells Fargo & Co
NYSE,WH,WH,XNYS,USD,Stocks,Wyndham Hotels & Resorts Inc.
NYSE,WHD,WHD,XNYS,USD,Stocks,Cactus Inc.
NYSE,WHR,WHR,XNYS,USD,Stocks,Whirlpool Corp.
NYSE,WIT,WIT,XNYS,USD,Stocks,Wipro Limited
NYSE,WK,WK,XNYS,USD,Stocks,Workiva Inc.
NYSE,WLK,WLK,XNYS,USD,Stocks,Westlake Corp.
NYSE,WM,WM,XNYS,USD,Stocks,Waste Management Inc.
NYSE,WMB,WMB,XNYS,USD,Stocks,Williams Companies Inc
NYSE,WMS,WMS,XNYS,USD,Stocks,Advanced Drainage Systems Inc
NYSE,WPC,WPC,XNYS,USD,Stocks,WP Carey Inc.
NYSE,WPM,WPM,XNYS,USD,Stocks,Wheaton Precious Metals Corp.
NYSE,WPP,WPP,XNYS,USD,Stocks,WPP PLC
NYSE,WRB,WRB,XNYS,USD,Stocks,W R Berkley Corp.
NYSE,WRBY,WRBY,XNYS,USD,Stocks,Warby Parker Inc.
NYSE,WSM,WSM,XNYS,USD,Stocks,"Williams-Sonoma, Inc."
NYSE,WSO,WSO,XNYS,USD,Stocks,Watsco Inc.
NYSE,WST,WST,XNYS,USD,Stocks,West Pharmaceutical Services Inc.
NYSE,WTRG,WTRG,XNYS,USD,Stocks,Essential Utilities Inc.
NYSE,WU,WU,XNYS,USD,Stocks,The Western Union Company
NYSE,WY,WY,XNYS,USD,Stocks,Weyerhaeuser Co
NYSE,XIFR,XIFR,XNYS,USD,Stocks,XPLR Infrastructure LP
NYSE,XLB,XLB,XNYS,USD,Etfs,Materials Select Sector SPDR Fund
NYSE,XLC,XLC,XNYS,USD,Etfs,Communication Services Select Sector SPDR Fund
NYSE,XLE,XLE,XNYS,USD,Etfs,Energy Select Sector SPDR Fund
NYSE,XLF,XLF,XNYS,USD,Etfs,Financial Select Sector SPDR Fund
NYSE,XLI,XLI,XNYS,USD,Etfs,Industrial Select Sector SPDR Fund
NYSE,XLK,XLK,XNYS,USD,Etfs,Technology Select Sector SPDR Fund
NYSE,XLP,XLP,XNYS,USD,Etfs,Consumer Staples Select Sector SPDR Fund
NYSE,XLRE,XLRE,XNYS,USD,Etfs,Real Estate Select Sector SPDR Fund
NYSE,XLU,XLU,XNYS,USD,Etfs,Utilities Select Sector SPDR Fund
NYSE,XLV,XLV,XNYS,USD,Etfs,Health Care Select Sector SPDR Fund
NYSE,XLY,XLY,XNYS,USD,Etfs,Consumer Discretionary Select Sector SPDR Fund
NYSE,XME,XME,XNYS,USD,Etfs,SPDR S&P Metals and Mining ETF
NYSE,XOM,XOM,XNYS,USD,Stocks,Exxon Mobil Corp.
NYSE,XPEV,XPEV,XNYS,USD,Stocks,Xpeng Inc.
NYSE,XPO,XPO,XNYS,USD,Stocks,XPO Inc.
NYSE,XYL,XYL,XNYS,USD,Stocks,Xylem Inc
NYSE,XYZ,XYZ,XNYS,USD,Stocks,Block Inc.
NYSE,YELP,YELP,XNYS,USD,Stocks,Yelp Inc.
NYSE,YETI,YETI,XNYS,USD,Stocks,Yeti Holdings Inc
NYSE,YMM,YMM,XNYS,USD,Stocks,Full Truck Alliance Co Ltd
NYSE,YOU,YOU,XNYS,USD,Stocks,Clear Secure Inc.
NYSE,YPF,YPF,XNYS,USD,Stocks,YPF SA
NYSE,YUM,YUM,XNYS,USD,Stocks,Yum Brands Inc.
NYSE,YUMC,YUMC,XNYS,USD,Stocks,Yum China Holdings Inc.
NYSE,ZBH,ZBH,XNYS,USD,Stocks,Zimmer Biomet Holdings Inc
NYSE,ZGN,ZGN,XNYS,USD,Stocks,Ermenegildo Zegna N.V.
NYSE,ZIM,ZIM,XNYS,USD,Stocks,ZIM Integrated Shipping Services Ltd.
NYSE,ZTO,ZTO,XNYS,USD,Stocks,ZTO Express Cayman Inc.
NYSE,ZTS,ZTS,XNYS,USD,Stocks,Zoetis Inc
NYSE,ZWS,ZWS,XNYS,USD,Stocks,Zurn Elkay Water Solutions Corp.
